State,ALMONDS,APPLES,APRICOTS,ARTICHOKES,ASPARAGUS,AVOCADOS,BARLEY,"BEANS, SNAP","BLUEBERRIES, TAME","BLUEBERRIES, WILD",BROCCOLI,CABBAGE,CANOLA,CARROTS,CAULIFLOWER,CELERY,"CHERRIES, SWEET","CHERRIES, TART",CHICKPEAS,"CHICKPEAS, LARGE","CHICKPEAS, SMALL",COFFEE,"CORN, GRAIN","COTTON, PIMA","COTTON, UPLAND",CRANBERRIES,CUCUMBERS,DATES,FLAXSEED,GARLIC,GRAPEFRUIT,"GRAPEFRUIT, RED SEEDLESS","GRAPEFRUIT, WHITE SEEDLESS",GRAPES,"GRAPES, JUICE TYPE","GRAPES, RAISIN TYPE","GRAPES, TABLE TYPE","GRAPES, WINE TYPE",HAY,"HAY, (EXCL ALFALFA)","HAY, ALFALFA",HAZELNUTS,HOPS,KIWIFRUIT,LEMONS,LENTILS,"LETTUCE, HEAD","LETTUCE, LEAF","LETTUCE, ROMAINE",MACADAMIAS,"MELONS, CANTALOUP","MELONS, HONEYDEW","MELONS, WATERMELON","MILLET, PROSO","MINT, PEPPERMINT, OIL","MINT, SPEARMINT, OIL",NECTARINES,OATS,OLIVES,"ONIONS, DRY",ORANGES,"ORANGES, MID & NAVEL","ORANGES, VALENCIA",PAPAYAS,PEACHES,"PEACHES, CLINGSTONE","PEACHES, FREESTONE",PEANUTS,PEARS,"PEAS, DRY EDIBLE","PEAS, GREEN",PECANS,"PEPPERS, BELL","PEPPERS, CHILE",PISTACHIOS,PLUMS,POTATOES,PRUNES,PUMPKINS,RASPBERRIES,RICE,RYE,SAFFLOWER,"SORGHUM, GRAIN",SOYBEANS,SPINACH,SQUASH,STRAWBERRIES,SUGARBEETS,"SUGARCANE, SUGAR",SUNFLOWER,"SUNFLOWER, NON","SUNFLOWER, OIL TYPE",SWEET CORN,SWEET POTATOES,TANGERINES,TOBACCO,"TOBACCO, AIR","TOBACCO, CIGAR FILLER PA SEED LEAF (TYPE 41)","TOBACCO, FIRE","TOBACCO, FLUE","WALNUTS, ENGLISH",WHEAT,"WHEAT, SPRING, (EXCL DURUM)","WHEAT, SPRING, DURUM","WHEAT, WINTER"
ALABAMA,"[0, 0]","[0, 0]","[0, 0]","[0, 0]","[0, 0]","[0, 0]","[0, 0]","[0, 0]","[0, 0]","[0, 0]","[0, 0]","[0, 0]","[0, 0]","[0, 0]","[0, 0]","[0, 0]","[0, 0]","[0, 0]","[0, 0]","[0, 0]","[0, 0]","[0, 0]","[4.116, 142.5]","[0, 0]","[0.464, 1206.0]","[0, 0]","[0, 0]","[0, 0]","[0, 0]","[0, 0]","[0, 0]","[0, 0]","[0, 0]","[0, 0]","[0, 0]","[0, 0]","[0, 0]","[0, 0]","[2.5, 87.0]","[2.5, 87.0]","[0, 0]","[0, 0]","[0, 0]","[0, 0]","[0, 0]","[0, 0]","[0, 0]","[0, 0]","[0, 0]","[0, 0]","[0, 0]","[0, 0]","[0, 0]","[0, 0]","[0, 0]","[0, 0]","[0, 0]","[0, 0]","[0, 0]","[0, 0]","[0, 0]","[0, 0]","[0, 0]","[0, 0]","[0, 0]","[0, 0]","[0, 0]","[1.675, 388.0]","[0, 0]","[0, 0]","[0, 0]","[0, 0]","[0, 0]","[0, 0]","[0, 0]","[0, 0]","[0, 0]","[0, 0]","[0, 0]","[0, 0]","[0, 0]","[0, 0]","[0, 0]","[0, 0]","[1.008, 325.0]","[0, 0]","[0, 0]","[0, 0]","[0, 0]","[0, 0]","[0, 0]","[0, 0]","[0, 0]","[0, 0]","[0, 0]","[0, 0]","[0, 0]","[0, 0]","[0, 0]","[0, 0]","[0, 0]","[0, 0]","[2.016, 180.3571428571429]","[0, 0]","[0, 0]","[2.016, 180.3571428571429]"
ALASKA,"[0, 0]","[0, 0]","[0, 0]","[0, 0]","[0, 0]","[0, 0]","[1.064, 185.7142857142857]","[0, 0]","[0, 0]","[0, 0]","[0, 0]","[0, 0]","[0, 0]","[0, 0]","[0, 0]","[0, 0]","[0, 0]","[0, 0]","[0, 0]","[0, 0]","[0, 0]","[0, 0]","[0, 0]","[0, 0]","[0, 0]","[0, 0]","[0, 0]","[0, 0]","[0, 0]","[0, 0]","[0, 0]","[0, 0]","[0, 0]","[0, 0]","[0, 0]","[0, 0]","[0, 0]","[0, 0]","[1.3, 350.0]","[1.3, 350.0]","[0, 0]","[0, 0]","[0, 0]","[0, 0]","[0, 0]","[0, 0]","[0, 0]","[0, 0]","[0, 0]","[0, 0]","[0, 0]","[0, 0]","[0, 0]","[0, 0]","[0, 0]","[0, 0]","[0, 0]","[0, 0]","[0, 0]","[0, 0]","[0, 0]","[0, 0]","[0, 0]","[0, 0]","[0, 0]","[0, 0]","[0, 0]","[0, 0]","[0, 0]","[0, 0]","[0, 0]","[0, 0]","[0, 0]","[0, 0]","[0, 0]","[0, 0]","[0, 0]","[0, 0]","[0, 0]","[0, 0]","[0, 0]","[0, 0]","[0, 0]","[0, 0]","[0, 0]","[0, 0]","[0, 0]","[0, 0]","[0, 0]","[0, 0]","[0, 0]","[0, 0]","[0, 0]","[0, 0]","[0, 0]","[0, 0]","[0, 0]","[0, 0]","[0, 0]","[0, 0]","[0, 0]","[0, 0]","[0, 0]","[0, 0]","[0, 0]","[0, 0]"
ARIZONA,"[0, 0]","[0, 0]","[0, 0]","[0, 0]","[0, 0]","[0, 0]","[3.528, 148.21428571428572]","[0, 0]","[0, 0]","[0, 0]","[7.07, 1440.0]","[0, 0]","[0, 0]","[0, 0]","[9.0, 1488.0]","[0, 0]","[0, 0]","[0, 0]","[0, 0]","[0, 0]","[0, 0]","[0, 0]","[6.468, 192.8571428571429]","[0.4, 0]","[0.577, 1141.9999999999998]","[0, 0]","[0, 0]","[3.36, 6580.0]","[0, 0]","[0, 0]","[0, 0]","[0, 0]","[0, 0]","[0, 0]","[0, 0]","[0, 0]","[0, 0]","[0, 0]","[7.74, 204.0]","[4.1, 200.0]","[8.3, 205.0]","[0, 0]","[0, 0]","[0, 0]","[4.142, 1500.0]","[0, 0]","[16.75, 857.9999999999999]","[11.5, 2058.0]","[15.25, 885.9999999999999]","[0, 0]","[11.25, 544.0]","[0, 0]","[32.0, 273.99999999999994]","[0, 0]","[0, 0]","[0, 0]","[0, 0]","[0, 0]","[0, 0]","[0, 0]","[0, 0]","[0, 0]","[0, 0]","[0, 0]","[0, 0]","[0, 0]","[0, 0]","[0, 0]","[0, 0]","[0, 0]","[0, 0]","[0.95, 3780.0]","[0, 0]","[0, 0]","[0, 0]","[0, 0]","[0, 0]","[0, 0]","[0, 0]","[0, 0]","[0, 0]","[0, 0]","[0, 0]","[0, 0]","[0, 0]","[0, 0]","[0, 0]","[0, 0]","[0, 0]","[0, 0]","[0, 0]","[0, 0]","[0, 0]","[0, 0]","[0, 0]","[0, 0]","[0, 0]","[0, 0]","[0, 0]","[0, 0]","[0, 0]","[0, 0]","[2.912, 236.07142857142856]","[0, 0]","[2.912, 236.07142857142856]","[0, 0]"
ARKANSAS,"[0, 0]","[0, 0]","[0, 0]","[0, 0]","[0, 0]","[0, 0]","[0, 0]","[0, 0]","[0, 0]","[0, 0]","[0, 0]","[0, 0]","[0, 0]","[0, 0]","[0, 0]","[0, 0]","[0, 0]","[0, 0]","[0, 0]","[0, 0]","[0, 0]","[0, 0]","[4.9, 137.85714285714286]","[0, 0]","[0.5925, 1224.0]","[0, 0]","[0, 0]","[0, 0]","[0, 0]","[0, 0]","[0, 0]","[0, 0]","[0, 0]","[0, 0]","[0, 0]","[0, 0]","[0, 0]","[0, 0]","[2.2, 108.0]","[2.2, 108.0]","[3.2, 192.0]","[0, 0]","[0, 0]","[0, 0]","[0, 0]","[0, 0]","[0, 0]","[0, 0]","[0, 0]","[0, 0]","[0, 0]","[0, 0]","[0, 0]","[0, 0]","[0, 0]","[0, 0]","[0, 0]","[1.96, 100.0]","[0, 0]","[0, 0]","[0, 0]","[0, 0]","[0, 0]","[0, 0]","[0, 0]","[0, 0]","[0, 0]","[2.6, 396.0]","[0, 0]","[0, 0]","[0, 0]","[0, 0]","[0, 0]","[0, 0]","[0, 0]","[0, 0]","[0, 0]","[0, 0]","[0, 0]","[0, 0]","[3.74, 238.0]","[0, 0]","[0, 0]","[0, 0]","[1.372, 316.7857142857143]","[0, 0]","[0, 0]","[0, 0]","[0, 0]","[0, 0]","[0, 0]","[0, 0]","[0, 0]","[0, 0]","[0, 0]","[0, 0]","[0, 0]","[0, 0]","[0, 0]","[0, 0]","[0, 0]","[0, 0]","[1.456, 182.8571428571429]","[0, 0]","[0, 0]","[1.456, 182.8571428571429]"
CALIFORNIA,"[1.085, 4900.0]","[10.1, 532.3333333333334]","[5.95, 923.0]","[8.75, 1560.0]","[1.75, 4040.0]","[2.31, 3440.0]","[1.848, 164.64285714285714]","[4.75, 1340.0]","[5.05, 4466.666666666667]","[0, 0]","[8.0, 829.3333333333334]","[20.5, 630.0]","[0, 0]","[18.75, 554.0]","[11.5, 1100.0]","[27.5, 604.0]","[1.86, 2633.333333333333]","[0, 0]","[1.345, 0]","[0, 0]","[0, 0]","[0, 0]","[4.704, 164.28571428571428]","[0.7725, 0]","[0.788, 0]","[0, 0]","[8.0, 641.6666666666666]","[4.23, 2860.0]","[0, 0]","[7.25, 1852.6666666666667]","[7.752000000000001, 703.8235294117646]","[0, 0]","[0, 0]","[7.64, 926.6666666666666]","[0, 0]","[9.26, 569.3333333333334]","[9.83, 821.3333333333334]","[6.78, 972.0]","[5.74, 192.0]","[3.9, 150.0]","[7.1, 204.0]","[0, 0]","[0, 0]","[8.3, 1820.0]","[9.196, 1362.6315789473683]","[0, 0]","[18.75, 604.0]","[10.75, 820.0]","[15.25, 550.0]","[0, 0]","[12.25, 384.0]","[12.75, 426.0]","[24.75, 412.0]","[0, 0]","[0, 0]","[0, 0]","[8.65, 980.0]","[1.68, 0]","[4.47, 788.0]","[21.0, 313.6666666666667]","[7.03, 629.7368421052631]","[7.068, 671.3157894736842]","[6.916, 457.8947368421053]","[0, 0]","[13.9, 720.6666666666666]","[16.9, 470.0]","[11.7, 768.3333333333334]","[0, 0]","[16.3, 379.3333333333333]","[0, 0]","[0, 0]","[0, 0]","[18.0, 925.0]","[12.75, 717.9999999999999]","[1.09, 5620.0]","[6.77, 941.6666666666666]","[21.0, 330.0]","[2.02, 1400.0]","[12.75, 382.0]","[9.55, 5380.0]","[4.23, 436.0]","[0, 0]","[0.975, 430.0]","[0, 0]","[0, 0]","[7.0, 1059.3333333333333]","[10.0, 802.0]","[30.5, 2200.0]","[45.4, 48.6]","[0, 0]","[0.6985, 540.0]","[0.65, 484.0]","[0.7000000000000001, 542.0]","[9.0, 570.0]","[19.0, 414.0]","[5.425000000000001, 1908.4]","[0, 0]","[0, 0]","[0, 0]","[0, 0]","[0, 0]","[1.8, 1890.0]","[1.6632, 212.5]","[0, 0]","[2.856, 231.78571428571428]","[1.4, 206.42857142857144]"
COLORADO,"[0, 0]","[0, 0]","[0, 0]","[0, 0]","[0, 0]","[0, 0]","[3.864, 173.92857142857142]","[0, 0]","[0, 0]","[0, 0]","[0, 0]","[0, 0]","[0, 0]","[0, 0]","[0, 0]","[0, 0]","[0, 0]","[0, 0]","[0, 0]","[0, 0]","[0, 0]","[0, 0]","[3.444, 131.42857142857144]","[0, 0]","[0, 0]","[0, 0]","[0, 0]","[0, 0]","[0, 0]","[0, 0]","[0, 0]","[0, 0]","[0, 0]","[0, 0]","[0, 0]","[0, 0]","[0, 0]","[0, 0]","[2.79, 231.0]","[1.85, 228.0]","[3.7, 231.0]","[0, 0]","[0, 0]","[0, 0]","[0, 0]","[0, 0]","[0, 0]","[0, 0]","[0, 0]","[0, 0]","[0, 0]","[0, 0]","[0, 0]","[1.036, 202.5]","[0, 0]","[0, 0]","[0, 0]","[0, 0]","[0, 0]","[21.25, 333.99999999999994]","[0, 0]","[0, 0]","[0, 0]","[0, 0]","[5.71, 2300.0]","[0, 0]","[0, 0]","[0, 0]","[0, 0]","[0, 0]","[0, 0]","[0, 0]","[0, 0]","[0, 0]","[0, 0]","[0, 0]","[19.3, 262.0]","[0, 0]","[0, 0]","[0, 0]","[0, 0]","[0, 0]","[0, 0]","[1.148, 99.0]","[0, 0]","[0, 0]","[0, 0]","[0, 0]","[30.7, 16.9]","[0, 0]","[0.537, 378.0]","[0.7000000000000001, 416.0]","[0.5, 366.0]","[0, 0]","[0, 0]","[0, 0]","[0, 0]","[0, 0]","[0, 0]","[0, 0]","[0, 0]","[0, 0]","[1.372, 143.2142857142857]","[0, 0]","[0, 0]","[1.372, 143.2142857142857]"
CONNECTICUT,"[0, 0]","[0, 0]","[0, 0]","[0, 0]","[0, 0]","[0, 0]","[0, 0]","[0, 0]","[0, 0]","[0, 0]","[0, 0]","[0, 0]","[0, 0]","[0, 0]","[0, 0]","[0, 0]","[0, 0]","[0, 0]","[0, 0]","[0, 0]","[0, 0]","[0, 0]","[0, 0]","[0, 0]","[0, 0]","[0, 0]","[0, 0]","[0, 0]","[0, 0]","[0, 0]","[0, 0]","[0, 0]","[0, 0]","[0, 0]","[0, 0]","[0, 0]","[0, 0]","[0, 0]","[1.72, 177.0]","[1.7, 173.0]","[1.9, 197.0]","[0, 0]","[0, 0]","[0, 0]","[0, 0]","[0, 0]","[0, 0]","[0, 0]","[0, 0]","[0, 0]","[0, 0]","[0, 0]","[0, 0]","[0, 0]","[0, 0]","[0, 0]","[0, 0]","[0, 0]","[0, 0]","[0, 0]","[0, 0]","[0, 0]","[0, 0]","[0, 0]","[0, 0]","[0, 0]","[0, 0]","[0, 0]","[0, 0]","[0, 0]","[0, 0]","[0, 0]","[0, 0]","[0, 0]","[0, 0]","[0, 0]","[0, 0]","[0, 0]","[0, 0]","[0, 0]","[0, 0]","[0, 0]","[0, 0]","[0, 0]","[0, 0]","[0, 0]","[0, 0]","[0, 0]","[0, 0]","[0, 0]","[0, 0]","[0, 0]","[0, 0]","[0, 0]","[0, 0]","[0, 0]","[0, 0]","[0, 0]","[0, 0]","[0, 0]","[0, 0]","[0, 0]","[0, 0]","[0, 0]","[0, 0]","[0, 0]"
DELAWARE,"[0, 0]","[0, 0]","[0, 0]","[0, 0]","[0, 0]","[0, 0]","[2.24, 119.64285714285714]","[0, 0]","[0, 0]","[0, 0]","[0, 0]","[0, 0]","[0, 0]","[0, 0]","[0, 0]","[0, 0]","[0, 0]","[0, 0]","[0, 0]","[0, 0]","[0, 0]","[0, 0]","[4.508, 153.57142857142856]","[0, 0]","[0, 0]","[0, 0]","[0, 0]","[0, 0]","[0, 0]","[0, 0]","[0, 0]","[0, 0]","[0, 0]","[0, 0]","[0, 0]","[0, 0]","[0, 0]","[0, 0]","[2.21, 160.0]","[2.0, 145.0]","[3.0, 198.0]","[0, 0]","[0, 0]","[0, 0]","[0, 0]","[0, 0]","[0, 0]","[0, 0]","[0, 0]","[0, 0]","[0, 0]","[0, 0]","[0, 0]","[0, 0]","[0, 0]","[0, 0]","[0, 0]","[0, 0]","[0, 0]","[0, 0]","[0, 0]","[0, 0]","[0, 0]","[0, 0]","[0, 0]","[0, 0]","[0, 0]","[0, 0]","[0, 0]","[0, 0]","[0, 0]","[0, 0]","[0, 0]","[0, 0]","[0, 0]","[0, 0]","[0, 0]","[0, 0]","[0, 0]","[0, 0]","[0, 0]","[0, 0]","[0, 0]","[0, 0]","[1.316, 298.2142857142857]","[0, 0]","[0, 0]","[0, 0]","[0, 0]","[0, 0]","[0, 0]","[0, 0]","[0, 0]","[0, 0]","[0, 0]","[0, 0]","[0, 0]","[0, 0]","[0, 0]","[0, 0]","[0, 0]","[0, 0]","[2.016, 176.78571428571428]","[0, 0]","[0, 0]","[2.016, 176.78571428571428]"
FLORIDA,"[0, 0]","[0, 0]","[0, 0]","[0, 0]","[0, 0]","[4.23, 928.0]","[0, 0]","[3.35, 784.0]","[2.37, 5280.0]","[0, 0]","[0, 0]","[18.0, 400.0]","[0, 0]","[0, 0]","[0, 0]","[0, 0]","[0, 0]","[0, 0]","[0, 0]","[0, 0]","[0, 0]","[0, 0]","[4.508, 156.78571428571428]","[0, 0]","[0.4475, 1178.0]","[0, 0]","[7.25, 482.0]","[0, 0]","[0, 0]","[0, 0]","[3.64, 984.5714285714286]","[3.66, 970.9285714285714]","[3.58, 1091.142857142857]","[0, 0]","[0, 0]","[0, 0]","[0, 0]","[0, 0]","[2.9, 151.0]","[2.9, 151.0]","[0, 0]","[0, 0]","[0, 0]","[0, 0]","[0, 0]","[0, 0]","[0, 0]","[0, 0]","[0, 0]","[0, 0]","[10.5, 386.0]","[0, 0]","[17.5, 360.0]","[0, 0]","[0, 0]","[0, 0]","[0, 0]","[0, 0]","[0, 0]","[0, 0]","[4.3645000000000005, 759.6677740863787]","[4.3645000000000005, 731.3621262458472]","[4.3645000000000005, 771.8936877076412]","[0, 0]","[0, 0]","[0, 0]","[0, 0]","[1.9, 402.0]","[0, 0]","[0, 0]","[0, 0]","[0, 0]","[14.5, 1301.9999999999998]","[0, 0]","[0, 0]","[0, 0]","[13.75, 426.0]","[0, 0]","[0, 0]","[0, 0]","[0, 0]","[0, 0]","[0, 0]","[0, 0]","[0, 0]","[0, 0]","[5.75, 875.9999999999999]","[12.75, 3040.0]","[0, 0]","[42.8, 36.7]","[0, 0]","[0, 0]","[0, 0]","[5.75, 600.0]","[0, 0]","[2.5585, 1046.5116279069766]","[0, 0]","[0, 0]","[0, 0]","[0, 0]","[0, 0]","[0, 0]","[0, 0]","[0, 0]","[0, 0]","[0, 0]"
GEORGIA,"[0, 0]","[0, 0]","[0, 0]","[0, 0]","[0, 0]","[0, 0]","[0, 0]","[3.0, 1058.0]","[2.85, 2513.333333333333]","[0, 0]","[0, 0]","[20.0, 326.0]","[0, 0]","[0, 0]","[0, 0]","[0, 0]","[0, 0]","[0, 0]","[0, 0]","[0, 0]","[0, 0]","[0, 0]","[4.48, 161.78571428571428]","[0, 0]","[0.4765, 1226.0]","[0, 0]","[10.0, 420.0]","[0, 0]","[0, 0]","[0, 0]","[0, 0]","[0, 0]","[0, 0]","[0, 0]","[0, 0]","[0, 0]","[0, 0]","[0, 0]","[2.75, 84.0]","[2.75, 84.0]","[0, 0]","[0, 0]","[0, 0]","[0, 0]","[0, 0]","[0, 0]","[0, 0]","[0, 0]","[0, 0]","[0, 0]","[13.25, 352.0]","[0, 0]","[20.0, 250.0]","[0, 0]","[0, 0]","[0, 0]","[0, 0]","[1.54, 146.42857142857142]","[0, 0]","[16.0, 970.0]","[0, 0]","[0, 0]","[0, 0]","[0, 0]","[4.6, 1120.0]","[0, 0]","[0, 0]","[2.085, 390.0]","[0, 0]","[0, 0]","[0, 0]","[0.283, 3760.0]","[15.5, 840.0]","[0, 0]","[0, 0]","[0, 0]","[0, 0]","[0, 0]","[0, 0]","[0, 0]","[0, 0]","[0, 0]","[0, 0]","[0, 0]","[0.812, 319.6428571428571]","[0, 0]","[6.0, 855.9999999999999]","[0, 0]","[0, 0]","[0, 0]","[0, 0]","[0, 0]","[0, 0]","[6.0, 492.0]","[0, 0]","[0, 0]","[1.05, 3860.0]","[0, 0]","[0, 0]","[0, 0]","[1.05, 3860.0]","[0, 0]","[1.568, 175.0]","[0, 0]","[0, 0]","[1.568, 175.0]"
HAWAII,"[0, 0]","[0, 0]","[0, 0]","[0, 0]","[0, 0]","[1.0, 2450.0]","[0, 0]","[0, 0]","[0, 0]","[0, 0]","[0, 0]","[0, 0]","[0, 0]","[0, 0]","[0, 0]","[0, 0]","[0, 0]","[0, 0]","[0, 0]","[0, 0]","[0, 0]","[1.9205, 24146.666666666668]","[0, 0]","[0, 0]","[0, 0]","[0, 0]","[0, 0]","[0, 0]","[0, 0]","[0, 0]","[0, 0]","[0, 0]","[0, 0]","[0, 0]","[0, 0]","[0, 0]","[0, 0]","[0, 0]","[0, 0]","[0, 0]","[0, 0]","[0, 0]","[0, 0]","[0, 0]","[0, 0]","[0, 0]","[0, 0]","[0, 0]","[0, 0]","[1.205, 2400.0]","[0, 0]","[0, 0]","[0, 0]","[0, 0]","[0, 0]","[0, 0]","[0, 0]","[0, 0]","[0, 0]","[0, 0]","[0, 0]","[0, 0]","[0, 0]","[8.5, 934.0]","[0, 0]","[0, 0]","[0, 0]","[0, 0]","[0, 0]","[0, 0]","[0, 0]","[0, 0]","[0, 0]","[0, 0]","[0, 0]","[0, 0]","[0, 0]","[0, 0]","[0, 0]","[0, 0]","[0, 0]","[0, 0]","[0, 0]","[0, 0]","[0, 0]","[0, 0]","[0, 0]","[0, 0]","[0, 0]","[0, 0]","[0, 0]","[0, 0]","[0, 0]","[0, 0]","[0, 0]","[0, 0]","[0, 0]","[0, 0]","[0, 0]","[0, 0]","[0, 0]","[0, 0]","[0, 0]","[0, 0]","[0, 0]","[0, 0]"
IDAHO,"[0, 0]","[0, 0]","[0, 0]","[0, 0]","[0, 0]","[0, 0]","[2.912, 179.28571428571428]","[0, 0]","[0, 0]","[0, 0]","[0, 0]","[0, 0]","[0, 0]","[0, 0]","[0, 0]","[0, 0]","[0, 0]","[0, 0]","[0.72, 300.0]","[0.73, 366.0]","[0.68, 258.0]","[0, 0]","[5.74, 159.64285714285714]","[0, 0]","[0, 0]","[0, 0]","[0, 0]","[0, 0]","[0, 0]","[0, 0]","[0, 0]","[0, 0]","[0, 0]","[0, 0]","[0, 0]","[0, 0]","[0, 0]","[0, 0]","[3.94, 157.0]","[2.3, 145.0]","[4.4, 158.0]","[0, 0]","[1.017, 10500.0]","[0, 0]","[0, 0]","[0.535, 368.0]","[0, 0]","[0, 0]","[0, 0]","[0, 0]","[0, 0]","[0, 0]","[0, 0]","[0, 0]","[0.06, 37200.0]","[0.0725, 0]","[0, 0]","[2.576, 116.78571428571428]","[0, 0]","[41.0, 148.0]","[0, 0]","[0, 0]","[0, 0]","[0, 0]","[0, 0]","[0, 0]","[0, 0]","[0, 0]","[0, 0]","[0.985, 0]","[0, 0]","[0, 0]","[0, 0]","[0, 0]","[0, 0]","[0, 0]","[21.25, 161.86666666666665]","[0, 0]","[0, 0]","[0, 0]","[0, 0]","[0, 0]","[0.47, 368.0]","[0, 0]","[0, 0]","[0, 0]","[0, 0]","[0, 0]","[39.0, 50.9]","[0, 0]","[0, 0]","[0, 0]","[0, 0]","[0, 0]","[0, 0]","[0, 0]","[0, 0]","[0, 0]","[0, 0]","[0, 0]","[0, 0]","[0, 0]","[2.4584, 179.64285714285714]","[2.492, 181.42857142857144]","[2.436, 206.78571428571428]","[2.436, 178.57142857142856]"
ILLINOIS,"[0, 0]","[0, 0]","[0, 0]","[0, 0]","[0, 0]","[0, 0]","[0, 0]","[3.7, 570.3333333333334]","[0, 0]","[0, 0]","[0, 0]","[0, 0]","[0, 0]","[0, 0]","[0, 0]","[0, 0]","[0, 0]","[0, 0]","[0, 0]","[0, 0]","[0, 0]","[0, 0]","[5.0680000000000005, 126.78571428571428]","[0, 0]","[0, 0]","[0, 0]","[0, 0]","[0, 0]","[0, 0]","[0, 0]","[0, 0]","[0, 0]","[0, 0]","[0, 0]","[0, 0]","[0, 0]","[0, 0]","[0, 0]","[2.73, 161.0]","[2.0, 128.0]","[3.5, 176.0]","[0, 0]","[0, 0]","[0, 0]","[0, 0]","[0, 0]","[0, 0]","[0, 0]","[0, 0]","[0, 0]","[0, 0]","[0, 0]","[0, 0]","[0, 0]","[0, 0]","[0, 0]","[0, 0]","[1.82, 146.42857142857142]","[0, 0]","[0, 0]","[0, 0]","[0, 0]","[0, 0]","[0, 0]","[0, 0]","[0, 0]","[0, 0]","[0, 0]","[0, 0]","[0, 0]","[0, 0]","[0, 0]","[0, 0]","[0, 0]","[0, 0]","[0, 0]","[0, 0]","[0, 0]","[19.25, 162.99999999999997]","[0, 0]","[0, 0]","[0, 0]","[0, 0]","[0, 0]","[1.512, 315.7142857142857]","[0, 0]","[0, 0]","[0, 0]","[0, 0]","[0, 0]","[0, 0]","[0, 0]","[0, 0]","[7.75, 278.1333333333333]","[0, 0]","[0, 0]","[0, 0]","[0, 0]","[0, 0]","[0, 0]","[0, 0]","[0, 0]","[1.876, 180.7142857142857]","[0, 0]","[0, 0]","[1.876, 180.7142857142857]"
INDIANA,"[0, 0]","[0, 0]","[0, 0]","[0, 0]","[0, 0]","[0, 0]","[0, 0]","[0, 0]","[0, 0]","[0, 0]","[0, 0]","[0, 0]","[0, 0]","[0, 0]","[0, 0]","[0, 0]","[0, 0]","[0, 0]","[0, 0]","[0, 0]","[0, 0]","[0, 0]","[4.732, 137.14285714285714]","[0, 0]","[0, 0]","[0, 0]","[0, 0]","[0, 0]","[0, 0]","[0, 0]","[0, 0]","[0, 0]","[0, 0]","[0, 0]","[0, 0]","[0, 0]","[0, 0]","[0, 0]","[2.5, 178.0]","[2.1, 140.0]","[3.0, 215.0]","[0, 0]","[0, 0]","[0, 0]","[0, 0]","[0, 0]","[0, 0]","[0, 0]","[0, 0]","[0, 0]","[0, 0]","[0, 0]","[19.0, 303.99999999999994]","[0, 0]","[0.024, 44600.0]","[0.036, 0]","[0, 0]","[0, 0]","[0, 0]","[0, 0]","[0, 0]","[0, 0]","[0, 0]","[0, 0]","[0, 0]","[0, 0]","[0, 0]","[0, 0]","[0, 0]","[0, 0]","[0, 0]","[0, 0]","[0, 0]","[0, 0]","[0, 0]","[0, 0]","[0, 0]","[0, 0]","[12.25, 278.0]","[0, 0]","[0, 0]","[0, 0]","[0, 0]","[0, 0]","[1.428, 318.57142857142856]","[0, 0]","[0, 0]","[0, 0]","[0, 0]","[0, 0]","[0, 0]","[0, 0]","[0, 0]","[0, 0]","[0, 0]","[0, 0]","[0, 0]","[0, 0]","[0, 0]","[0, 0]","[0, 0]","[0, 0]","[1.736, 176.78571428571428]","[0, 0]","[0, 0]","[1.736, 176.78571428571428]"
IOWA,"[0, 0]","[0, 0]","[0, 0]","[0, 0]","[0, 0]","[0, 0]","[0, 0]","[0, 0]","[0, 0]","[0, 0]","[0, 0]","[0, 0]","[0, 0]","[0, 0]","[0, 0]","[0, 0]","[0, 0]","[0, 0]","[0, 0]","[0, 0]","[0, 0]","[0, 0]","[5.5440000000000005, 125.0]","[0, 0]","[0, 0]","[0, 0]","[0, 0]","[0, 0]","[0, 0]","[0, 0]","[0, 0]","[0, 0]","[0, 0]","[0, 0]","[0, 0]","[0, 0]","[0, 0]","[0, 0]","[3.06, 124.0]","[2.3, 103.0]","[3.4, 130.0]","[0, 0]","[0, 0]","[0, 0]","[0, 0]","[0, 0]","[0, 0]","[0, 0]","[0, 0]","[0, 0]","[0, 0]","[0, 0]","[0, 0]","[0, 0]","[0, 0]","[0, 0]","[0, 0]","[1.624, 126.07142857142856]","[0, 0]","[0, 0]","[0, 0]","[0, 0]","[0, 0]","[0, 0]","[0, 0]","[0, 0]","[0, 0]","[0, 0]","[0, 0]","[0, 0]","[0, 0]","[0, 0]","[0, 0]","[0, 0]","[0, 0]","[0, 0]","[0, 0]","[0, 0]","[0, 0]","[0, 0]","[0, 0]","[0, 0]","[0, 0]","[0, 0]","[1.54, 302.8571428571429]","[0, 0]","[0, 0]","[0, 0]","[0, 0]","[0, 0]","[0, 0]","[0, 0]","[0, 0]","[0, 0]","[0, 0]","[0, 0]","[0, 0]","[0, 0]","[0, 0]","[0, 0]","[0, 0]","[0, 0]","[0, 0]","[0, 0]","[0, 0]","[0, 0]"
KANSAS,"[0, 0]","[0, 0]","[0, 0]","[0, 0]","[0, 0]","[0, 0]","[0.924, 87.5]","[0, 0]","[0, 0]","[0, 0]","[0, 0]","[0, 0]","[0.545, 234.0]","[0, 0]","[0, 0]","[0, 0]","[0, 0]","[0, 0]","[0, 0]","[0, 0]","[0, 0]","[0, 0]","[3.724, 127.14285714285714]","[0, 0]","[0.4665, 1206.0]","[0, 0]","[0, 0]","[0, 0]","[0, 0]","[0, 0]","[0, 0]","[0, 0]","[0, 0]","[0, 0]","[0, 0]","[0, 0]","[0, 0]","[0, 0]","[2.78, 127.0]","[2.3, 98.0]","[4.0, 140.0]","[0, 0]","[0, 0]","[0, 0]","[0, 0]","[0, 0]","[0, 0]","[0, 0]","[0, 0]","[0, 0]","[0, 0]","[0, 0]","[0, 0]","[0, 0]","[0, 0]","[0, 0]","[0, 0]","[1.792, 121.42857142857142]","[0, 0]","[0, 0]","[0, 0]","[0, 0]","[0, 0]","[0, 0]","[0, 0]","[0, 0]","[0, 0]","[0, 0]","[0, 0]","[0, 0]","[0, 0]","[0, 0]","[0, 0]","[0, 0]","[0, 0]","[0, 0]","[0, 0]","[0, 0]","[0, 0]","[0, 0]","[0, 0]","[0, 0]","[0, 0]","[2.38, 114.0]","[1.162, 295.71428571428567]","[0, 0]","[0, 0]","[0, 0]","[0, 0]","[0, 0]","[0.6865, 370.0]","[0.625, 0]","[0.7000000000000001, 0]","[0, 0]","[0, 0]","[0, 0]","[0, 0]","[0, 0]","[0, 0]","[0, 0]","[0, 0]","[0, 0]","[1.456, 145.71428571428572]","[0, 0]","[0, 0]","[1.456, 145.71428571428572]"
KENTUCKY,"[0, 0]","[0, 0]","[0, 0]","[0, 0]","[0, 0]","[0, 0]","[0, 0]","[0, 0]","[0, 0]","[0, 0]","[0, 0]","[0, 0]","[0, 0]","[0, 0]","[0, 0]","[0, 0]","[0, 0]","[0, 0]","[0, 0]","[0, 0]","[0, 0]","[0, 0]","[4.732, 140.0]","[0, 0]","[0, 0]","[0, 0]","[0, 0]","[0, 0]","[0, 0]","[0, 0]","[0, 0]","[0, 0]","[0, 0]","[0, 0]","[0, 0]","[0, 0]","[0, 0]","[0, 0]","[2.28, 149.0]","[2.2, 130.0]","[3.2, 208.0]","[0, 0]","[0, 0]","[0, 0]","[0, 0]","[0, 0]","[0, 0]","[0, 0]","[0, 0]","[0, 0]","[0, 0]","[0, 0]","[0, 0]","[0, 0]","[0, 0]","[0, 0]","[0, 0]","[0, 0]","[0, 0]","[0, 0]","[0, 0]","[0, 0]","[0, 0]","[0, 0]","[0, 0]","[0, 0]","[0, 0]","[0, 0]","[0, 0]","[0, 0]","[0, 0]","[0, 0]","[0, 0]","[0, 0]","[0, 0]","[0, 0]","[0, 0]","[0, 0]","[0, 0]","[0, 0]","[0, 0]","[0, 0]","[0, 0]","[0, 0]","[1.288, 320.7142857142857]","[0, 0]","[0, 0]","[0, 0]","[0, 0]","[0, 0]","[0, 0]","[0, 0]","[0, 0]","[0, 0]","[0, 0]","[0, 0]","[1.0715, 4298.0]","[1.3, 4310.0]","[0, 0]","[1.425, 5460.0]","[0, 0]","[0, 0]","[2.128, 190.3571428571429]","[0, 0]","[0, 0]","[2.128, 190.3571428571429]"
LOUISIANA,"[0, 0]","[0, 0]","[0, 0]","[0, 0]","[0, 0]","[0, 0]","[0, 0]","[0, 0]","[0, 0]","[0, 0]","[0, 0]","[0, 0]","[0, 0]","[0, 0]","[0, 0]","[0, 0]","[0, 0]","[0, 0]","[0, 0]","[0, 0]","[0, 0]","[0, 0]","[4.62, 137.85714285714286]","[0, 0]","[0.521, 1282.0]","[0, 0]","[0, 0]","[0, 0]","[0, 0]","[0, 0]","[0, 0]","[0, 0]","[0, 0]","[0, 0]","[0, 0]","[0, 0]","[0, 0]","[0, 0]","[2.5, 103.0]","[2.5, 103.0]","[0, 0]","[0, 0]","[0, 0]","[0, 0]","[0, 0]","[0, 0]","[0, 0]","[0, 0]","[0, 0]","[0, 0]","[0, 0]","[0, 0]","[0, 0]","[0, 0]","[0, 0]","[0, 0]","[0, 0]","[0, 0]","[0, 0]","[0, 0]","[0, 0]","[0, 0]","[0, 0]","[0, 0]","[0, 0]","[0, 0]","[0, 0]","[0, 0]","[0, 0]","[0, 0]","[0, 0]","[0, 0]","[0, 0]","[0, 0]","[0, 0]","[0, 0]","[0, 0]","[0, 0]","[0, 0]","[0, 0]","[3.19, 236.0]","[0, 0]","[0, 0]","[0, 0]","[1.344, 310.71428571428567]","[0, 0]","[0, 0]","[0, 0]","[0, 0]","[27.7, 42.1]","[0, 0]","[0, 0]","[0, 0]","[0, 0]","[0, 0]","[0, 0]","[0, 0]","[0, 0]","[0, 0]","[0, 0]","[0, 0]","[0, 0]","[0, 0]","[0, 0]","[0, 0]","[0, 0]"
MAINE,"[0, 0]","[0, 0]","[0, 0]","[0, 0]","[0, 0]","[0, 0]","[2.2960000000000003, 114.28571428571428]","[0, 0]","[0, 0]","[1.9, 1440.6666666666667]","[0, 0]","[0, 0]","[0, 0]","[0, 0]","[0, 0]","[0, 0]","[0, 0]","[0, 0]","[0, 0]","[0, 0]","[0, 0]","[0, 0]","[0, 0]","[0, 0]","[0, 0]","[0, 0]","[0, 0]","[0, 0]","[0, 0]","[0, 0]","[0, 0]","[0, 0]","[0, 0]","[0, 0]","[0, 0]","[0, 0]","[0, 0]","[0, 0]","[2.15, 134.0]","[2.15, 130.0]","[2.1, 178.0]","[0, 0]","[0, 0]","[0, 0]","[0, 0]","[0, 0]","[0, 0]","[0, 0]","[0, 0]","[0, 0]","[0, 0]","[0, 0]","[0, 0]","[0, 0]","[0, 0]","[0, 0]","[0, 0]","[2.128, 105.35714285714286]","[0, 0]","[0, 0]","[0, 0]","[0, 0]","[0, 0]","[0, 0]","[0, 0]","[0, 0]","[0, 0]","[0, 0]","[0, 0]","[0, 0]","[0, 0]","[0, 0]","[0, 0]","[0, 0]","[0, 0]","[0, 0]","[16.25, 220.0]","[0, 0]","[0, 0]","[0, 0]","[0, 0]","[0, 0]","[0, 0]","[0, 0]","[0, 0]","[0, 0]","[0, 0]","[0, 0]","[0, 0]","[0, 0]","[0, 0]","[0, 0]","[0, 0]","[0, 0]","[0, 0]","[0, 0]","[0, 0]","[0, 0]","[0, 0]","[0, 0]","[0, 0]","[0, 0]","[0, 0]","[0, 0]","[0, 0]","[0, 0]"
MARYLAND,"[0, 0]","[0, 0]","[0, 0]","[0, 0]","[0, 0]","[0, 0]","[2.38, 119.64285714285714]","[0, 0]","[0, 0]","[0, 0]","[0, 0]","[0, 0]","[0, 0]","[0, 0]","[0, 0]","[0, 0]","[0, 0]","[0, 0]","[0, 0]","[0, 0]","[0, 0]","[0, 0]","[4.508, 153.57142857142856]","[0, 0]","[0, 0]","[0, 0]","[0, 0]","[0, 0]","[0, 0]","[0, 0]","[0, 0]","[0, 0]","[0, 0]","[0, 0]","[0, 0]","[0, 0]","[0, 0]","[0, 0]","[2.68, 157.0]","[2.5, 145.0]","[3.5, 198.0]","[0, 0]","[0, 0]","[0, 0]","[0, 0]","[0, 0]","[0, 0]","[0, 0]","[0, 0]","[0, 0]","[0, 0]","[0, 0]","[0, 0]","[0, 0]","[0, 0]","[0, 0]","[0, 0]","[0, 0]","[0, 0]","[0, 0]","[0, 0]","[0, 0]","[0, 0]","[0, 0]","[0, 0]","[0, 0]","[0, 0]","[0, 0]","[0, 0]","[0, 0]","[0, 0]","[0, 0]","[0, 0]","[0, 0]","[0, 0]","[0, 0]","[0, 0]","[0, 0]","[0, 0]","[0, 0]","[0, 0]","[0, 0]","[0, 0]","[0, 0]","[1.232, 298.2142857142857]","[0, 0]","[0, 0]","[0, 0]","[0, 0]","[0, 0]","[0, 0]","[0, 0]","[0, 0]","[0, 0]","[0, 0]","[0, 0]","[0, 0]","[0, 0]","[0, 0]","[0, 0]","[0, 0]","[0, 0]","[2.1, 176.78571428571428]","[0, 0]","[0, 0]","[2.1, 176.78571428571428]"
MASSACHUSETTS,"[0, 0]","[0, 0]","[0, 0]","[0, 0]","[0, 0]","[0, 0]","[0, 0]","[0, 0]","[0, 0]","[0, 0]","[0, 0]","[0, 0]","[0, 0]","[0, 0]","[0, 0]","[0, 0]","[0, 0]","[0, 0]","[0, 0]","[0, 0]","[0, 0]","[0, 0]","[0, 0]","[0, 0]","[0, 0]","[8.78, 823.3333333333334]","[0, 0]","[0, 0]","[0, 0]","[0, 0]","[0, 0]","[0, 0]","[0, 0]","[0, 0]","[0, 0]","[0, 0]","[0, 0]","[0, 0]","[2.25, 165.0]","[2.2, 161.0]","[2.7, 187.0]","[0, 0]","[0, 0]","[0, 0]","[0, 0]","[0, 0]","[0, 0]","[0, 0]","[0, 0]","[0, 0]","[0, 0]","[0, 0]","[0, 0]","[0, 0]","[0, 0]","[0, 0]","[0, 0]","[0, 0]","[0, 0]","[0, 0]","[0, 0]","[0, 0]","[0, 0]","[0, 0]","[0, 0]","[0, 0]","[0, 0]","[0, 0]","[0, 0]","[0, 0]","[0, 0]","[0, 0]","[0, 0]","[0, 0]","[0, 0]","[0, 0]","[0, 0]","[0, 0]","[0, 0]","[0, 0]","[0, 0]","[0, 0]","[0, 0]","[0, 0]","[0, 0]","[0, 0]","[0, 0]","[0, 0]","[0, 0]","[0, 0]","[0, 0]","[0, 0]","[0, 0]","[0, 0]","[0, 0]","[0, 0]","[0, 0]","[0, 0]","[0, 0]","[0, 0]","[0, 0]","[0, 0]","[0, 0]","[0, 0]","[0, 0]","[0, 0]"
MICHIGAN,"[0, 0]","[15.15, 547.6666666666666]","[0, 0]","[0, 0]","[1.7000000000000002, 2000.0]","[0, 0]","[1.232, 107.14285714285714]","[4.55, 526.6666666666666]","[2.06, 1737.3333333333333]","[0, 0]","[0, 0]","[17.0, 259.6666666666667]","[0, 0]","[0, 0]","[0, 0]","[0, 0]","[0, 0]","[3.135, 908.6666666666666]","[0, 0]","[0, 0]","[0, 0]","[0, 0]","[4.116, 133.21428571428572]","[0, 0]","[0, 0]","[0, 0]","[7.5, 294.6666666666667]","[0, 0]","[0, 0]","[0, 0]","[0, 0]","[0, 0]","[0, 0]","[0, 0]","[0, 0]","[0, 0]","[0, 0]","[0, 0]","[2.38, 160.0]","[2.1, 125.0]","[2.5, 184.0]","[0, 0]","[0, 0]","[0, 0]","[0, 0]","[0, 0]","[0, 0]","[0, 0]","[0, 0]","[0, 0]","[0, 0]","[0, 0]","[0, 0]","[0, 0]","[0, 0]","[0, 0]","[0, 0]","[1.596, 129.64285714285714]","[0, 0]","[0, 0]","[0, 0]","[0, 0]","[0, 0]","[0, 0]","[2.0, 1110.0]","[0, 0]","[0, 0]","[0, 0]","[0, 0]","[0, 0]","[0, 0]","[0, 0]","[12.75, 697.9999999999999]","[0, 0]","[0, 0]","[0, 0]","[21.0, 196.8]","[0, 0]","[7.5, 320.0]","[0, 0]","[0, 0]","[0, 0]","[0, 0]","[0, 0]","[1.134, 314.6428571428572]","[0, 0]","[10.0, 443.6666666666667]","[0, 0]","[28.6, 35.0]","[0, 0]","[0, 0]","[0, 0]","[0, 0]","[0, 0]","[0, 0]","[0, 0]","[0, 0]","[0, 0]","[0, 0]","[0, 0]","[0, 0]","[0, 0]","[1.988, 186.07142857142856]","[0, 0]","[0, 0]","[1.988, 186.07142857142856]"
MINNESOTA,"[0, 0]","[0, 0]","[0, 0]","[0, 0]","[0, 0]","[0, 0]","[1.876, 156.42857142857142]","[4.75, 1412.6666666666667]","[0, 0]","[0, 0]","[0, 0]","[0, 0]","[1.135, 303.99999999999994]","[0, 0]","[0, 0]","[0, 0]","[0, 0]","[0, 0]","[0, 0]","[0, 0]","[0, 0]","[0, 0]","[4.872, 116.42857142857142]","[0, 0]","[0, 0]","[0, 0]","[0, 0]","[0, 0]","[0, 0]","[0, 0]","[0, 0]","[0, 0]","[0, 0]","[0, 0]","[0, 0]","[0, 0]","[0, 0]","[0, 0]","[2.71, 142.0]","[1.9, 105.0]","[3.1, 155.0]","[0, 0]","[0, 0]","[0, 0]","[0, 0]","[0, 0]","[0, 0]","[0, 0]","[0, 0]","[0, 0]","[0, 0]","[0, 0]","[0, 0]","[0, 0]","[0, 0]","[0, 0]","[0, 0]","[1.736, 93.92857142857142]","[0, 0]","[0, 0]","[0, 0]","[0, 0]","[0, 0]","[0, 0]","[0, 0]","[0, 0]","[0, 0]","[0, 0]","[0, 0]","[0, 0]","[1.41, 270.0]","[0, 0]","[0, 0]","[0, 0]","[0, 0]","[0, 0]","[20.75, 218.0]","[0, 0]","[0, 0]","[0, 0]","[0, 0]","[1.092, 164.28571428571428]","[0, 0]","[0, 0]","[1.232, 296.07142857142856]","[0, 0]","[0, 0]","[0, 0]","[25.0, 35.4]","[0, 0]","[0.9225, 396.0]","[0.9, 0]","[0.925, 0]","[7.0, 211.63333333333333]","[0, 0]","[0, 0]","[0, 0]","[0, 0]","[0, 0]","[0, 0]","[0, 0]","[0, 0]","[1.596, 163.21428571428572]","[1.596, 163.21428571428572]","[0, 0]","[0, 0]"
MISSISSIPPI,"[0, 0]","[0, 0]","[0, 0]","[0, 0]","[0, 0]","[0, 0]","[0, 0]","[0, 0]","[0, 0]","[0, 0]","[0, 0]","[0, 0]","[0, 0]","[0, 0]","[0, 0]","[0, 0]","[0, 0]","[0, 0]","[0, 0]","[0, 0]","[0, 0]","[0, 0]","[4.872, 137.85714285714286]","[0, 0]","[0.556, 1208.0]","[0, 0]","[0, 0]","[0, 0]","[0, 0]","[0, 0]","[0, 0]","[0, 0]","[0, 0]","[0, 0]","[0, 0]","[0, 0]","[0, 0]","[0, 0]","[2.3, 95.0]","[2.3, 95.0]","[0, 0]","[0, 0]","[0, 0]","[0, 0]","[0, 0]","[0, 0]","[0, 0]","[0, 0]","[0, 0]","[0, 0]","[0, 0]","[0, 0]","[0, 0]","[0, 0]","[0, 0]","[0, 0]","[0, 0]","[0, 0]","[0, 0]","[0, 0]","[0, 0]","[0, 0]","[0, 0]","[0, 0]","[0, 0]","[0, 0]","[0, 0]","[2.0, 378.0]","[0, 0]","[0, 0]","[0, 0]","[0, 0]","[0, 0]","[0, 0]","[0, 0]","[0, 0]","[0, 0]","[0, 0]","[0, 0]","[0, 0]","[3.675, 238.0]","[0, 0]","[0, 0]","[0, 0]","[1.4, 314.2857142857143]","[0, 0]","[0, 0]","[0, 0]","[0, 0]","[0, 0]","[0, 0]","[0, 0]","[0, 0]","[0, 0]","[8.25, 337.3333333333333]","[0, 0]","[0, 0]","[0, 0]","[0, 0]","[0, 0]","[0, 0]","[0, 0]","[1.316, 183.57142857142856]","[0, 0]","[0, 0]","[1.316, 183.57142857142856]"
MISSOURI,"[0, 0]","[0, 0]","[0, 0]","[0, 0]","[0, 0]","[0, 0]","[0, 0]","[0, 0]","[0, 0]","[0, 0]","[0, 0]","[0, 0]","[0, 0]","[0, 0]","[0, 0]","[0, 0]","[0, 0]","[0, 0]","[0, 0]","[0, 0]","[0, 0]","[0, 0]","[4.34, 131.07142857142856]","[0, 0]","[0.5965, 1196.0]","[0, 0]","[0, 0]","[0, 0]","[0, 0]","[0, 0]","[0, 0]","[0, 0]","[0, 0]","[0, 0]","[0, 0]","[0, 0]","[0, 0]","[0, 0]","[2.19, 120.0]","[2.15, 114.0]","[2.7, 152.0]","[0, 0]","[0, 0]","[0, 0]","[0, 0]","[0, 0]","[0, 0]","[0, 0]","[0, 0]","[0, 0]","[0, 0]","[0, 0]","[0, 0]","[0, 0]","[0, 0]","[0, 0]","[0, 0]","[1.316, 139.28571428571428]","[0, 0]","[0, 0]","[0, 0]","[0, 0]","[0, 0]","[0, 0]","[0, 0]","[0, 0]","[0, 0]","[0, 0]","[0, 0]","[0, 0]","[0, 0]","[0, 0]","[0, 0]","[0, 0]","[0, 0]","[0, 0]","[0, 0]","[0, 0]","[0, 0]","[0, 0]","[3.685, 242.0]","[0, 0]","[0, 0]","[0, 0]","[1.288, 312.5]","[0, 0]","[0, 0]","[0, 0]","[0, 0]","[0, 0]","[0, 0]","[0, 0]","[0, 0]","[0, 0]","[0, 0]","[0, 0]","[0, 0]","[0, 0]","[0, 0]","[0, 0]","[0, 0]","[0, 0]","[1.764, 184.64285714285717]","[0, 0]","[0, 0]","[1.764, 184.64285714285717]"
MONTANA,"[0, 0]","[0, 0]","[0, 0]","[0, 0]","[0, 0]","[0, 0]","[1.652, 158.2142857142857]","[0, 0]","[0, 0]","[0, 0]","[0, 0]","[0, 0]","[0.725, 283.99999999999994]","[0, 0]","[0, 0]","[0, 0]","[0, 0]","[0, 0]","[0.7000000000000001, 350.0]","[0.705, 318.0]","[0.685, 366.0]","[0, 0]","[2.66, 132.14285714285714]","[0, 0]","[0, 0]","[0, 0]","[0, 0]","[0, 0]","[0.42, 280.35714285714283]","[0, 0]","[0, 0]","[0, 0]","[0, 0]","[0, 0]","[0, 0]","[0, 0]","[0, 0]","[0, 0]","[2.08, 143.0]","[1.9, 145.0]","[2.15, 143.0]","[0, 0]","[0, 0]","[0, 0]","[0, 0]","[0.64, 310.0]","[0, 0]","[0, 0]","[0, 0]","[0, 0]","[0, 0]","[0, 0]","[0, 0]","[0, 0]","[0, 0]","[0, 0]","[0, 0]","[1.54, 112.14285714285714]","[0, 0]","[0, 0]","[0, 0]","[0, 0]","[0, 0]","[0, 0]","[0, 0]","[0, 0]","[0, 0]","[0, 0]","[0, 0]","[1.02, 177.8]","[0, 0]","[0, 0]","[0, 0]","[0, 0]","[0, 0]","[0, 0]","[0, 0]","[0, 0]","[0, 0]","[0, 0]","[0, 0]","[0, 0]","[0.42, 347.99999999999994]","[0, 0]","[0, 0]","[0, 0]","[0, 0]","[0, 0]","[31.6, 29.2]","[0, 0]","[0, 0]","[0, 0]","[0, 0]","[0, 0]","[0, 0]","[0, 0]","[0, 0]","[0, 0]","[0, 0]","[0, 0]","[0, 0]","[0, 0]","[1.1872, 167.5]","[1.036, 171.78571428571428]","[1.204, 172.85714285714286]","[1.4, 162.5]"
NEBRASKA,"[0, 0]","[0, 0]","[0, 0]","[0, 0]","[0, 0]","[0, 0]","[0, 0]","[0, 0]","[0, 0]","[0, 0]","[0, 0]","[0, 0]","[0, 0]","[0, 0]","[0, 0]","[0, 0]","[0, 0]","[0, 0]","[0, 0]","[0, 0]","[0, 0]","[0, 0]","[5.096, 125.71428571428572]","[0, 0]","[0, 0]","[0, 0]","[0, 0]","[0, 0]","[0, 0]","[0, 0]","[0, 0]","[0, 0]","[0, 0]","[0, 0]","[0, 0]","[0, 0]","[0, 0]","[0, 0]","[2.5, 103.0]","[1.65, 87.0]","[3.8, 109.0]","[0, 0]","[0, 0]","[0, 0]","[0, 0]","[0, 0]","[0, 0]","[0, 0]","[0, 0]","[0, 0]","[0, 0]","[0, 0]","[0, 0]","[0.868, 187.5]","[0, 0]","[0, 0]","[0, 0]","[1.764, 110.35714285714285]","[0, 0]","[0, 0]","[0, 0]","[0, 0]","[0, 0]","[0, 0]","[0, 0]","[0, 0]","[0, 0]","[0, 0]","[0, 0]","[1.12, 214.0]","[0, 0]","[0, 0]","[0, 0]","[0, 0]","[0, 0]","[0, 0]","[23.75, 228.0]","[0, 0]","[0, 0]","[0, 0]","[0, 0]","[0, 0]","[0, 0]","[2.604, 111.6]","[1.638, 295.35714285714283]","[0, 0]","[0, 0]","[0, 0]","[25.4, 16.9]","[0, 0]","[0.65, 374.0]","[0.65, 420.0]","[0.65, 360.0]","[0, 0]","[0, 0]","[0, 0]","[0, 0]","[0, 0]","[0, 0]","[0, 0]","[0, 0]","[0, 0]","[1.596, 138.57142857142856]","[0, 0]","[0, 0]","[1.596, 138.57142857142856]"
NEVADA,"[0, 0]","[0, 0]","[0, 0]","[0, 0]","[0, 0]","[0, 0]","[0, 0]","[0, 0]","[0, 0]","[0, 0]","[0, 0]","[0, 0]","[0, 0]","[0, 0]","[0, 0]","[0, 0]","[0, 0]","[0, 0]","[0, 0]","[0, 0]","[0, 0]","[0, 0]","[0, 0]","[0, 0]","[0, 0]","[0, 0]","[0, 0]","[0, 0]","[0, 0]","[0, 0]","[0, 0]","[0, 0]","[0, 0]","[0, 0]","[0, 0]","[0, 0]","[0, 0]","[0, 0]","[3.6, 175.0]","[2.2, 171.0]","[4.9, 175.0]","[0, 0]","[0, 0]","[0, 0]","[0, 0]","[0, 0]","[0, 0]","[0, 0]","[0, 0]","[0, 0]","[0, 0]","[0, 0]","[0, 0]","[0, 0]","[0, 0]","[0, 0]","[0, 0]","[0, 0]","[0, 0]","[0, 0]","[0, 0]","[0, 0]","[0, 0]","[0, 0]","[0, 0]","[0, 0]","[0, 0]","[0, 0]","[0, 0]","[0, 0]","[0, 0]","[0, 0]","[0, 0]","[0, 0]","[0, 0]","[0, 0]","[0, 0]","[0, 0]","[0, 0]","[0, 0]","[0, 0]","[0, 0]","[0, 0]","[0, 0]","[0, 0]","[0, 0]","[0, 0]","[0, 0]","[0, 0]","[0, 0]","[0, 0]","[0, 0]","[0, 0]","[0, 0]","[0, 0]","[0, 0]","[0, 0]","[0, 0]","[0, 0]","[0, 0]","[0, 0]","[0, 0]","[0, 0]","[0, 0]","[0, 0]","[0, 0]"
NEW HAMPSHIRE,"[0, 0]","[0, 0]","[0, 0]","[0, 0]","[0, 0]","[0, 0]","[0, 0]","[0, 0]","[0, 0]","[0, 0]","[0, 0]","[0, 0]","[0, 0]","[0, 0]","[0, 0]","[0, 0]","[0, 0]","[0, 0]","[0, 0]","[0, 0]","[0, 0]","[0, 0]","[0, 0]","[0, 0]","[0, 0]","[0, 0]","[0, 0]","[0, 0]","[0, 0]","[0, 0]","[0, 0]","[0, 0]","[0, 0]","[0, 0]","[0, 0]","[0, 0]","[0, 0]","[0, 0]","[1.69, 164.0]","[1.7, 161.0]","[1.5, 197.0]","[0, 0]","[0, 0]","[0, 0]","[0, 0]","[0, 0]","[0, 0]","[0, 0]","[0, 0]","[0, 0]","[0, 0]","[0, 0]","[0, 0]","[0, 0]","[0, 0]","[0, 0]","[0, 0]","[0, 0]","[0, 0]","[0, 0]","[0, 0]","[0, 0]","[0, 0]","[0, 0]","[0, 0]","[0, 0]","[0, 0]","[0, 0]","[0, 0]","[0, 0]","[0, 0]","[0, 0]","[0, 0]","[0, 0]","[0, 0]","[0, 0]","[0, 0]","[0, 0]","[0, 0]","[0, 0]","[0, 0]","[0, 0]","[0, 0]","[0, 0]","[0, 0]","[0, 0]","[0, 0]","[0, 0]","[0, 0]","[0, 0]","[0, 0]","[0, 0]","[0, 0]","[0, 0]","[0, 0]","[0, 0]","[0, 0]","[0, 0]","[0, 0]","[0, 0]","[0, 0]","[0, 0]","[0, 0]","[0, 0]","[0, 0]","[0, 0]"
NEW JERSEY,"[0, 0]","[0, 0]","[0, 0]","[0, 0]","[1.6, 5120.0]","[0, 0]","[0, 0]","[0, 0]","[2.545, 2960.0]","[0, 0]","[0, 0]","[0, 0]","[0, 0]","[0, 0]","[0, 0]","[0, 0]","[0, 0]","[0, 0]","[0, 0]","[0, 0]","[0, 0]","[0, 0]","[4.34, 153.57142857142856]","[0, 0]","[0, 0]","[9.255, 1100.6666666666667]","[0, 0]","[0, 0]","[0, 0]","[0, 0]","[0, 0]","[0, 0]","[0, 0]","[0, 0]","[0, 0]","[0, 0]","[0, 0]","[0, 0]","[2.05, 187.0]","[1.9, 179.0]","[3.2, 224.0]","[0, 0]","[0, 0]","[0, 0]","[0, 0]","[0, 0]","[0, 0]","[0, 0]","[0, 0]","[0, 0]","[0, 0]","[0, 0]","[0, 0]","[0, 0]","[0, 0]","[0, 0]","[0, 0]","[0, 0]","[0, 0]","[0, 0]","[0, 0]","[0, 0]","[0, 0]","[0, 0]","[5.0, 1430.0]","[0, 0]","[0, 0]","[0, 0]","[0, 0]","[0, 0]","[0, 0]","[0, 0]","[15.0, 721.6666666666666]","[0, 0]","[0, 0]","[0, 0]","[0, 0]","[0, 0]","[0, 0]","[0, 0]","[0, 0]","[0, 0]","[0, 0]","[0, 0]","[1.036, 301.7857142857143]","[6.0, 454.0]","[4.5, 1070.0]","[0, 0]","[0, 0]","[0, 0]","[0, 0]","[0, 0]","[0, 0]","[0, 0]","[0, 0]","[0, 0]","[0, 0]","[0, 0]","[0, 0]","[0, 0]","[0, 0]","[0, 0]","[1.848, 176.78571428571428]","[0, 0]","[0, 0]","[1.848, 176.78571428571428]"
NEW MEXICO,"[0, 0]","[0, 0]","[0, 0]","[0, 0]","[0, 0]","[0, 0]","[0, 0]","[0, 0]","[0, 0]","[0, 0]","[0, 0]","[0, 0]","[0, 0]","[0, 0]","[0, 0]","[0, 0]","[0, 0]","[0, 0]","[0, 0]","[0, 0]","[0, 0]","[0, 0]","[3.78, 157.14285714285714]","[0.441, 0]","[0.4015, 0]","[0, 0]","[0, 0]","[0, 0]","[0, 0]","[0, 0]","[0, 0]","[0, 0]","[0, 0]","[0, 0]","[0, 0]","[0, 0]","[0, 0]","[0, 0]","[3.93, 223.0]","[2.0, 182.0]","[4.9, 231.0]","[0, 0]","[0, 0]","[0, 0]","[0, 0]","[0, 0]","[0, 0]","[0, 0]","[0, 0]","[0, 0]","[0, 0]","[0, 0]","[0, 0]","[0, 0]","[0, 0]","[0, 0]","[0, 0]","[0, 0]","[0, 0]","[30.25, 832.0]","[0, 0]","[0, 0]","[0, 0]","[0, 0]","[0, 0]","[0, 0]","[0, 0]","[1.675, 548.0]","[0, 0]","[0, 0]","[0, 0]","[0.975, 3760.0]","[0, 0]","[7.25, 792.0]","[0, 0]","[0, 0]","[0, 0]","[0, 0]","[0, 0]","[0, 0]","[0, 0]","[0, 0]","[0, 0]","[0, 0]","[0, 0]","[0, 0]","[0, 0]","[0, 0]","[0, 0]","[0, 0]","[0, 0]","[0, 0]","[0, 0]","[0, 0]","[0, 0]","[0, 0]","[0, 0]","[0, 0]","[0, 0]","[0, 0]","[0, 0]","[0, 0]","[0.84, 156.42857142857142]","[0, 0]","[0, 0]","[0.84, 156.42857142857142]"
NEW YORK,"[0, 0]","[15.0, 407.3333333333333]","[0, 0]","[0, 0]","[0, 0]","[0, 0]","[1.456, 137.5]","[3.5500000000000003, 737.3333333333334]","[0, 0]","[0, 0]","[0, 0]","[19.0, 372.0]","[0, 0]","[0, 0]","[0, 0]","[0, 0]","[0, 0]","[1.655, 1208.0]","[0, 0]","[0, 0]","[0, 0]","[0, 0]","[4.424, 150.0]","[0, 0]","[0, 0]","[0, 0]","[0, 0]","[0, 0]","[0, 0]","[0, 0]","[0, 0]","[0, 0]","[0, 0]","[0, 0]","[0, 0]","[0, 0]","[0, 0]","[0, 0]","[1.9, 163.0]","[1.8, 160.0]","[2.2, 197.0]","[0, 0]","[0, 0]","[0, 0]","[0, 0]","[0, 0]","[0, 0]","[0, 0]","[0, 0]","[0, 0]","[0, 0]","[0, 0]","[0, 0]","[0, 0]","[0, 0]","[0, 0]","[0, 0]","[1.68, 128.92857142857142]","[0, 0]","[16.0, 320.66666666666663]","[0, 0]","[0, 0]","[0, 0]","[0, 0]","[0, 0]","[0, 0]","[0, 0]","[0, 0]","[0, 0]","[0, 0]","[0, 0]","[0, 0]","[0, 0]","[0, 0]","[0, 0]","[0, 0]","[0, 0]","[0, 0]","[3.6, 454.0]","[0, 0]","[0, 0]","[0, 0]","[0, 0]","[0, 0]","[1.344, 303.57142857142856]","[0, 0]","[7.0, 711.0]","[0, 0]","[0, 0]","[0, 0]","[0, 0]","[0, 0]","[0, 0]","[6.5, 353.3333333333333]","[0, 0]","[0, 0]","[0, 0]","[0, 0]","[0, 0]","[0, 0]","[0, 0]","[0, 0]","[1.764, 196.42857142857144]","[0, 0]","[0, 0]","[1.764, 196.42857142857144]"
NORTH CAROLINA,"[0, 0]","[0, 0]","[0, 0]","[0, 0]","[0, 0]","[0, 0]","[1.848, 116.07142857142856]","[0, 0]","[2.08, 3400.0]","[0, 0]","[0, 0]","[0, 0]","[0, 0]","[0, 0]","[0, 0]","[0, 0]","[0, 0]","[0, 0]","[0, 0]","[0, 0]","[0, 0]","[0, 0]","[3.108, 157.5]","[0, 0]","[0.499, 1210.0]","[0, 0]","[7.25, 314.0]","[0, 0]","[0, 0]","[0, 0]","[0, 0]","[0, 0]","[0, 0]","[0, 0]","[0, 0]","[0, 0]","[0, 0]","[0, 0]","[2.3, 113.0]","[2.3, 112.0]","[2.3, 212.0]","[0, 0]","[0, 0]","[0, 0]","[0, 0]","[0, 0]","[0, 0]","[0, 0]","[0, 0]","[0, 0]","[0, 0]","[0, 0]","[11.5, 282.0]","[0, 0]","[0, 0]","[0, 0]","[0, 0]","[1.988, 110.71428571428572]","[0, 0]","[0, 0]","[0, 0]","[0, 0]","[0, 0]","[0, 0]","[0, 0]","[0, 0]","[0, 0]","[2.2, 442.0]","[0, 0]","[0, 0]","[0, 0]","[0, 0]","[11.75, 805.9999999999999]","[0, 0]","[0, 0]","[0, 0]","[0, 0]","[0, 0]","[11.5, 312.0]","[0, 0]","[0, 0]","[0, 0]","[0, 0]","[0, 0]","[0.98, 311.0714285714286]","[0, 0]","[6.5, 724.0]","[0, 0]","[0, 0]","[0, 0]","[0, 0]","[0, 0]","[0, 0]","[0, 0]","[9.0, 398.3333333333333]","[0, 0]","[0.9995, 3740.0]","[0.875, 4000.0]","[0, 0]","[0, 0]","[1.0, 3740.0]","[0, 0]","[1.568, 189.28571428571428]","[0, 0]","[0, 0]","[1.568, 189.28571428571428]"
NORTH DAKOTA,"[0, 0]","[0, 0]","[0, 0]","[0, 0]","[0, 0]","[0, 0]","[2.016, 148.57142857142858]","[0, 0]","[0, 0]","[0, 0]","[0, 0]","[0, 0]","[0.9, 296.0]","[0, 0]","[0, 0]","[0, 0]","[0, 0]","[0, 0]","[0.85, 0]","[0, 0]","[0, 0]","[0, 0]","[3.668, 109.64285714285714]","[0, 0]","[0, 0]","[0, 0]","[0, 0]","[0, 0]","[0.616, 326.7857142857143]","[0, 0]","[0, 0]","[0, 0]","[0, 0]","[0, 0]","[0, 0]","[0, 0]","[0, 0]","[0, 0]","[1.7, 83.0]","[1.6, 66.0]","[1.8, 88.0]","[0, 0]","[0, 0]","[0, 0]","[0, 0]","[0.66, 278.0]","[0, 0]","[0, 0]","[0, 0]","[0, 0]","[0, 0]","[0, 0]","[0, 0]","[0, 0]","[0, 0]","[0, 0]","[0, 0]","[2.408, 88.21428571428572]","[0, 0]","[0, 0]","[0, 0]","[0, 0]","[0, 0]","[0, 0]","[0, 0]","[0, 0]","[0, 0]","[0, 0]","[0, 0]","[1.135, 189.8]","[0, 0]","[0, 0]","[0, 0]","[0, 0]","[0, 0]","[0, 0]","[16.75, 284.2]","[0, 0]","[0, 0]","[0, 0]","[0, 0]","[1.26, 162.85714285714283]","[0, 0]","[0, 0]","[0.882, 283.2142857142857]","[0, 0]","[0, 0]","[0, 0]","[26.0, 38.0]","[0, 0]","[0.758, 394.0]","[0.8250000000000001, 476.0]","[0.75, 380.0]","[0, 0]","[0, 0]","[0, 0]","[0, 0]","[0, 0]","[0, 0]","[0, 0]","[0, 0]","[0, 0]","[1.3552, 159.64285714285714]","[1.372, 158.57142857142858]","[1.19, 166.42857142857142]","[1.484, 138.21428571428572]"
OHIO,"[0, 0]","[0, 0]","[0, 0]","[0, 0]","[0, 0]","[0, 0]","[0, 0]","[0, 0]","[0, 0]","[0, 0]","[0, 0]","[0, 0]","[0, 0]","[0, 0]","[0, 0]","[0, 0]","[0, 0]","[0, 0]","[0, 0]","[0, 0]","[0, 0]","[0, 0]","[4.5920000000000005, 139.64285714285714]","[0, 0]","[0, 0]","[0, 0]","[0, 0]","[0, 0]","[0, 0]","[0, 0]","[0, 0]","[0, 0]","[0, 0]","[0, 0]","[0, 0]","[0, 0]","[0, 0]","[0, 0]","[2.32, 165.0]","[2.0, 140.0]","[2.9, 209.0]","[0, 0]","[0, 0]","[0, 0]","[0, 0]","[0, 0]","[0, 0]","[0, 0]","[0, 0]","[0, 0]","[0, 0]","[0, 0]","[0, 0]","[0, 0]","[0, 0]","[0, 0]","[0, 0]","[1.288, 133.92857142857142]","[0, 0]","[0, 0]","[0, 0]","[0, 0]","[0, 0]","[0, 0]","[0, 0]","[0, 0]","[0, 0]","[0, 0]","[0, 0]","[0, 0]","[0, 0]","[0, 0]","[0, 0]","[0, 0]","[0, 0]","[0, 0]","[0, 0]","[0, 0]","[6.25, 456.0]","[0, 0]","[0, 0]","[0, 0]","[0, 0]","[0, 0]","[1.372, 322.85714285714283]","[0, 0]","[0, 0]","[0, 0]","[0, 0]","[0, 0]","[0, 0]","[0, 0]","[0, 0]","[0, 0]","[0, 0]","[0, 0]","[0, 0]","[0, 0]","[0, 0]","[0, 0]","[0, 0]","[0, 0]","[1.568, 186.42857142857144]","[0, 0]","[0, 0]","[1.568, 186.42857142857144]"
OKLAHOMA,"[0, 0]","[0, 0]","[0, 0]","[0, 0]","[0, 0]","[0, 0]","[0, 0]","[0, 0]","[0, 0]","[0, 0]","[0, 0]","[0, 0]","[0.705, 208.0]","[0, 0]","[0, 0]","[0, 0]","[0, 0]","[0, 0]","[0, 0]","[0, 0]","[0, 0]","[0, 0]","[3.836, 142.85714285714286]","[0, 0]","[0.3555, 1242.0]","[0, 0]","[0, 0]","[0, 0]","[0, 0]","[0, 0]","[0, 0]","[0, 0]","[0, 0]","[0, 0]","[0, 0]","[0, 0]","[0, 0]","[0, 0]","[1.98, 106.0]","[1.9, 100.0]","[3.0, 171.0]","[0, 0]","[0, 0]","[0, 0]","[0, 0]","[0, 0]","[0, 0]","[0, 0]","[0, 0]","[0, 0]","[0, 0]","[0, 0]","[0, 0]","[0, 0]","[0, 0]","[0, 0]","[0, 0]","[1.4, 75.0]","[0, 0]","[0, 0]","[0, 0]","[0, 0]","[0, 0]","[0, 0]","[0, 0]","[0, 0]","[0, 0]","[2.0, 470.0]","[0, 0]","[0, 0]","[0, 0]","[0.1175, 2630.0]","[0, 0]","[0, 0]","[0, 0]","[0, 0]","[0, 0]","[0, 0]","[0, 0]","[0, 0]","[0, 0]","[0.756, 294.6428571428571]","[0, 0]","[1.428, 120.0]","[0.812, 301.7857142857143]","[0, 0]","[0, 0]","[0, 0]","[0, 0]","[0, 0]","[0, 0]","[0, 0]","[0, 0]","[0, 0]","[0, 0]","[0, 0]","[0, 0]","[0, 0]","[0, 0]","[0, 0]","[0, 0]","[0, 0]","[1.12, 153.92857142857142]","[0, 0]","[0, 0]","[1.12, 153.92857142857142]"
OREGON,"[0, 0]","[15.0, 424.0]","[0, 0]","[0, 0]","[0, 0]","[0, 0]","[2.184, 135.7142857142857]","[7.5, 306.0]","[5.7, 1787.3333333333333]","[0, 0]","[0, 0]","[0, 0]","[0, 0]","[0, 0]","[0, 0]","[0, 0]","[4.12, 1166.6666666666667]","[0, 0]","[0, 0]","[0, 0]","[0, 0]","[0, 0]","[6.636, 155.0]","[0, 0]","[0, 0]","[10.340000000000002, 1072.0]","[0, 0]","[0, 0]","[0, 0]","[0, 0]","[0, 0]","[0, 0]","[0, 0]","[0, 0]","[0, 0]","[0, 0]","[0, 0]","[0, 0]","[3.48, 197.0]","[2.6, 190.0]","[4.7, 200.0]","[0.89, 1920.0]","[0.8915000000000001, 11000.0]","[0, 0]","[0, 0]","[0, 0]","[0, 0]","[0, 0]","[0, 0]","[0, 0]","[0, 0]","[0, 0]","[0, 0]","[0, 0]","[0.0495, 39400.0]","[0.0625, 31800.0]","[0, 0]","[2.716, 0]","[0, 0]","[36.75, 149.73333333333332]","[0, 0]","[0, 0]","[0, 0]","[0, 0]","[0, 0]","[0, 0]","[0, 0]","[0, 0]","[15.7, 416.6666666666667]","[0, 0]","[1.695, 232.0]","[0, 0]","[0, 0]","[0, 0]","[0, 0]","[0, 0]","[29.5, 184.8]","[0, 0]","[15.75, 234.33333333333331]","[0, 0]","[0, 0]","[0, 0]","[0, 0]","[0, 0]","[0, 0]","[0, 0]","[16.25, 318.46666666666664]","[0, 0]","[38.5, 50.9]","[0, 0]","[0, 0]","[0, 0]","[0, 0]","[10.25, 252.8]","[0, 0]","[0, 0]","[0, 0]","[0, 0]","[0, 0]","[0, 0]","[0, 0]","[0, 0]","[1.904, 204.6428571428572]","[0, 0]","[0, 0]","[1.904, 204.6428571428572]"
OTHER STATES,"[0, 0]","[0, 0]","[0, 926.0]","[0.0, 0.0]","[0, 1930.0]","[0, 1709.0]","[0.0, 0]","[0, 761.0]","[0, 2732.9999999999995]","[0, 0]","[0, 0]","[18.3, 430.6666666666667]","[0, 0.0]","[0, 298.45]","[0, 891.5]","[0, 0]","[0, 0]","[0, 1730.0]","[0.0, 612.0]","[1.0245, 660.0]","[1.1125, 263.99999999999994]","[0, 0]","[0.0, 0]","[0, 2120.0]","[0, 0]","[0, 0]","[3.8, 433.6666666666667]","[0, 3300.0]","[0, 0]","[0, 0]","[0, 0]","[0, 0]","[0, 0]","[0, 0]","[0, 0]","[0, 0]","[0, 0]","[0, 0]","[0, 0]","[0.0, 0]","[0.0, 0]","[0, 0]","[0, 0]","[0, 0]","[0, 0]","[0, 0]","[0, 0.0]","[0, 0.0]","[0, 0.0]","[0, 0]","[0, 222.0]","[0.0, 0.0]","[0.0, 130.33333333333334]","[0, 0]","[0, 0]","[0, 31000.0]","[0, 0]","[0.0, 98.21428571428572]","[0, 0]","[0, 253.0]","[0, 0]","[0, 0]","[0, 0]","[0, 0]","[0, 902.5]","[0, 0]","[0, 0]","[0.0, 0]","[0, 0]","[0, 212.0]","[0, 1963.0]","[0, 0]","[0, 663.5]","[0, 799.5]","[0, 0]","[0, 0]","[0, 0]","[0, 0]","[14.1, 286.0]","[0, 3431.0]","[0, 0]","[0.9212, 219.64285714285717]","[0, 0]","[0, 0]","[0, 0]","[7.75, 786.6666666666666]","[0, 583.0]","[0, 1828.0]","[0, 0]","[0, 0]","[0.0, 0.0]","[0.0, 450.0]","[0.0, 386.0]","[0, 0]","[0, 0]","[0, 0]","[0, 0]","[0, 0.0]","[0, 0]","[0, 0]","[0, 0.0]","[0, 0]","[0, 0]","[0, 0]","[0, 0]","[0.0, 0]"
PENNSYLVANIA,"[0, 0]","[13.0, 430.3333333333333]","[0, 0]","[0, 0]","[0, 0]","[0, 0]","[1.932, 139.28571428571428]","[3.4000000000000004, 504.0]","[0, 0]","[0, 0]","[0, 0]","[0, 0]","[0, 0]","[0, 0]","[0, 0]","[0, 0]","[0, 0]","[0, 0]","[0, 0]","[0, 0]","[0, 0]","[0, 0]","[4.284, 147.5]","[0, 0]","[0, 0]","[0, 0]","[0, 0]","[0, 0]","[0, 0]","[0, 0]","[0, 0]","[0, 0]","[0, 0]","[0, 0]","[0, 0]","[0, 0]","[0, 0]","[0, 0]","[2.47, 184.0]","[2.3, 176.0]","[3.0, 226.0]","[0, 0]","[0, 0]","[0, 0]","[0, 0]","[0, 0]","[0, 0]","[0, 0]","[0, 0]","[0, 0]","[0, 0]","[0, 0]","[0, 0]","[0, 0]","[0, 0]","[0, 0]","[0, 0]","[1.484, 149.28571428571428]","[0, 0]","[0, 0]","[0, 0]","[0, 0]","[0, 0]","[0, 0]","[5.2, 1034.3333333333333]","[0, 0]","[0, 0]","[0, 0]","[0, 0]","[0, 0]","[0, 0]","[0, 0]","[0, 0]","[0, 0]","[0, 0]","[0, 0]","[0, 0]","[0, 0]","[5.25, 517.9999999999999]","[0, 0]","[0, 0]","[0.728, 210.7142857142857]","[0, 0]","[0, 0]","[1.372, 303.57142857142856]","[0, 0]","[0, 0]","[0, 0]","[0, 0]","[0, 0]","[0, 0]","[0, 0]","[0, 0]","[0, 0]","[0, 0]","[0, 0]","[1.269, 5260.0]","[1.3, 3990.0]","[1.275, 6740.0]","[0, 0]","[0, 0]","[0, 0]","[2.044, 200.0]","[0, 0]","[0, 0]","[2.044, 200.0]"
RHODE ISLAND,"[0, 0]","[0, 0]","[0, 0]","[0, 0]","[0, 0]","[0, 0]","[0, 0]","[0, 0]","[0, 0]","[0, 0]","[0, 0]","[0, 0]","[0, 0]","[0, 0]","[0, 0]","[0, 0]","[0, 0]","[0, 0]","[0, 0]","[0, 0]","[0, 0]","[0, 0]","[0, 0]","[0, 0]","[0, 0]","[0, 0]","[0, 0]","[0, 0]","[0, 0]","[0, 0]","[0, 0]","[0, 0]","[0, 0]","[0, 0]","[0, 0]","[0, 0]","[0, 0]","[0, 0]","[1.4, 171.0]","[1.3, 161.0]","[2.2, 197.0]","[0, 0]","[0, 0]","[0, 0]","[0, 0]","[0, 0]","[0, 0]","[0, 0]","[0, 0]","[0, 0]","[0, 0]","[0, 0]","[0, 0]","[0, 0]","[0, 0]","[0, 0]","[0, 0]","[0, 0]","[0, 0]","[0, 0]","[0, 0]","[0, 0]","[0, 0]","[0, 0]","[0, 0]","[0, 0]","[0, 0]","[0, 0]","[0, 0]","[0, 0]","[0, 0]","[0, 0]","[0, 0]","[0, 0]","[0, 0]","[0, 0]","[0, 0]","[0, 0]","[0, 0]","[0, 0]","[0, 0]","[0, 0]","[0, 0]","[0, 0]","[0, 0]","[0, 0]","[0, 0]","[0, 0]","[0, 0]","[0, 0]","[0, 0]","[0, 0]","[0, 0]","[0, 0]","[0, 0]","[0, 0]","[0, 0]","[0, 0]","[0, 0]","[0, 0]","[0, 0]","[0, 0]","[0, 0]","[0, 0]","[0, 0]","[0, 0]"
SOUTH CAROLINA,"[0, 0]","[0, 0]","[0, 0]","[0, 0]","[0, 0]","[0, 0]","[0, 0]","[0, 0]","[0, 0]","[0, 0]","[0, 0]","[0, 0]","[0, 0]","[0, 0]","[0, 0]","[0, 0]","[0, 0]","[0, 0]","[0, 0]","[0, 0]","[0, 0]","[0, 0]","[2.968, 165.7142857142857]","[0, 0]","[0.4045, 1188.0]","[0, 0]","[0, 0]","[0, 0]","[0, 0]","[0, 0]","[0, 0]","[0, 0]","[0, 0]","[0, 0]","[0, 0]","[0, 0]","[0, 0]","[0, 0]","[2.1, 142.0]","[2.1, 142.0]","[0, 0]","[0, 0]","[0, 0]","[0, 0]","[0, 0]","[0, 0]","[0, 0]","[0, 0]","[0, 0]","[0, 0]","[0, 0]","[0, 0]","[16.0, 230.0]","[0, 0]","[0, 0]","[0, 0]","[0, 0]","[0, 0]","[0, 0]","[0, 0]","[0, 0]","[0, 0]","[0, 0]","[0, 0]","[5.0, 1350.0]","[0, 0]","[0, 0]","[1.9, 412.0]","[0, 0]","[0, 0]","[0, 0]","[0, 0]","[0, 0]","[0, 0]","[0, 0]","[0, 0]","[0, 0]","[0, 0]","[0, 0]","[0, 0]","[0, 0]","[0, 0]","[0, 0]","[0, 0]","[0.728, 328.57142857142856]","[0, 0]","[0, 0]","[0, 0]","[0, 0]","[0, 0]","[0, 0]","[0, 0]","[0, 0]","[0, 0]","[0, 0]","[0, 0]","[0.925, 3660.0]","[0, 0]","[0, 0]","[0, 0]","[0.925, 3660.0]","[0, 0]","[1.344, 183.92857142857144]","[0, 0]","[0, 0]","[1.344, 183.92857142857144]"
SOUTH DAKOTA,"[0, 0]","[0, 0]","[0, 0]","[0, 0]","[0, 0]","[0, 0]","[1.204, 126.78571428571428]","[0, 0]","[0, 0]","[0, 0]","[0, 0]","[0, 0]","[0, 0]","[0, 0]","[0, 0]","[0, 0]","[0, 0]","[0, 0]","[0, 0]","[0, 0]","[0, 0]","[0, 0]","[4.032, 118.57142857142856]","[0, 0]","[0, 0]","[0, 0]","[0, 0]","[0, 0]","[0, 0]","[0, 0]","[0, 0]","[0, 0]","[0, 0]","[0, 0]","[0, 0]","[0, 0]","[0, 0]","[0, 0]","[2.1, 102.0]","[1.75, 85.0]","[2.35, 108.0]","[0, 0]","[0, 0]","[0, 0]","[0, 0]","[0, 0]","[0, 0]","[0, 0]","[0, 0]","[0, 0]","[0, 0]","[0, 0]","[0, 0]","[1.064, 184.28571428571428]","[0, 0]","[0, 0]","[0, 0]","[2.2960000000000003, 100.35714285714286]","[0, 0]","[0, 0]","[0, 0]","[0, 0]","[0, 0]","[0, 0]","[0, 0]","[0, 0]","[0, 0]","[0, 0]","[0, 0]","[1.085, 0]","[0, 0]","[0, 0]","[0, 0]","[0, 0]","[0, 0]","[0, 0]","[0, 0]","[0, 0]","[0, 0]","[0, 0]","[0, 0]","[0, 0]","[0.3, 356.0]","[2.24, 119.0]","[1.19, 293.5714285714286]","[0, 0]","[0, 0]","[0, 0]","[0, 0]","[0, 0]","[0.847, 390.0]","[0.8, 0]","[0.85, 0]","[0, 0]","[0, 0]","[0, 0]","[0, 0]","[0, 0]","[0, 0]","[0, 0]","[0, 0]","[0, 0]","[1.3468, 161.78571428571428]","[1.204, 168.21428571428572]","[0, 0]","[1.456, 156.78571428571428]"
TENNESSEE,"[0, 0]","[0, 0]","[0, 0]","[0, 0]","[0, 0]","[0, 0]","[0, 0]","[0, 0]","[0, 0]","[0, 0]","[0, 0]","[0, 0]","[0, 0]","[0, 0]","[0, 0]","[0, 0]","[0, 0]","[0, 0]","[0, 0]","[0, 0]","[0, 0]","[0, 0]","[4.956, 135.0]","[0, 0]","[0.5690000000000001, 1178.0]","[0, 0]","[0, 0]","[0, 0]","[0, 0]","[0, 0]","[0, 0]","[0, 0]","[0, 0]","[0, 0]","[0, 0]","[0, 0]","[0, 0]","[0, 0]","[2.31, 112.0]","[2.3, 111.0]","[3.7, 215.0]","[0, 0]","[0, 0]","[0, 0]","[0, 0]","[0, 0]","[0, 0]","[0, 0]","[0, 0]","[0, 0]","[0, 0]","[0, 0]","[0, 0]","[0, 0]","[0, 0]","[0, 0]","[0, 0]","[0, 0]","[0, 0]","[0, 0]","[0, 0]","[0, 0]","[0, 0]","[0, 0]","[0, 0]","[0, 0]","[0, 0]","[0, 0]","[0, 0]","[0, 0]","[0, 0]","[0, 0]","[0, 0]","[0, 0]","[0, 0]","[0, 0]","[0, 0]","[0, 0]","[0, 0]","[0, 0]","[0, 0]","[0, 0]","[0, 0]","[0, 0]","[1.316, 320.0]","[0, 0]","[0, 0]","[0, 0]","[0, 0]","[0, 0]","[0, 0]","[0, 0]","[0, 0]","[0, 0]","[0, 0]","[0, 0]","[1.169, 5010.0]","[1.075, 4230.0]","[0, 0]","[1.4, 5480.0]","[0, 0]","[0, 0]","[1.876, 194.64285714285717]","[0, 0]","[0, 0]","[1.876, 194.64285714285717]"
TEXAS,"[0, 0]","[0, 0]","[0, 0]","[0, 0]","[0, 0]","[0, 0]","[0, 0]","[0, 0]","[0, 0]","[0, 0]","[0, 0]","[0, 0]","[0, 0]","[0, 0]","[0, 0]","[0, 0]","[0, 0]","[0, 0]","[0, 0]","[0, 0]","[0, 0]","[0, 0]","[3.724, 150.0]","[0.408, 0]","[0.2945, 1162.0]","[0, 0]","[0, 0]","[0, 0]","[0, 0]","[0, 0]","[7.72, 496.5]","[0, 0]","[0, 0]","[0, 0]","[0, 0]","[0, 0]","[0, 0]","[0, 0]","[1.87, 130.0]","[1.8, 117.0]","[4.8, 187.0]","[0, 0]","[0, 0]","[0, 0]","[0, 0]","[0, 0]","[0, 0]","[0, 0]","[0, 0]","[0, 0]","[0, 0]","[0, 0]","[14.5, 167.99999999999997]","[0, 0]","[0, 0]","[0, 0]","[0, 0]","[1.4, 152.14285714285714]","[0, 0]","[17.0, 346.0]","[7.833, 427.8571428571428]","[10.08, 385.7142857142857]","[2.898, 747.8571428571429]","[0, 0]","[0, 0]","[0, 0]","[0, 0]","[1.55, 562.0]","[0, 0]","[0, 0]","[0, 0]","[0.1675, 4160.0]","[0, 0]","[0, 0]","[0, 0]","[0, 0]","[24.0, 248.0]","[0, 0]","[0, 0]","[0, 0]","[3.675, 256.0]","[0, 0]","[0, 0]","[1.708, 129.79999999999998]","[0.784, 275.0]","[0, 0]","[0, 0]","[0, 0]","[0, 0]","[33.6, 19.5]","[0.65, 366.0]","[0.65, 400.0]","[0.65, 360.0]","[0, 0]","[0, 0]","[0, 0]","[0, 0]","[0, 0]","[0, 0]","[0, 0]","[0, 0]","[0, 0]","[0.952, 158.57142857142858]","[0, 0]","[0, 0]","[0.952, 158.57142857142858]"
UTAH,"[0, 0]","[0, 0]","[0, 0]","[0, 0]","[0, 0]","[0, 0]","[2.604, 132.14285714285714]","[0, 0]","[0, 0]","[0, 0]","[0, 0]","[0, 0]","[0, 0]","[0, 0]","[0, 0]","[0, 0]","[0, 0]","[7.85, 312.0]","[0, 0]","[0, 0]","[0, 0]","[0, 0]","[4.004, 153.57142857142856]","[0, 0]","[0, 0]","[0, 0]","[0, 0]","[0, 0]","[0, 0]","[0, 0]","[0, 0]","[0, 0]","[0, 0]","[0, 0]","[0, 0]","[0, 0]","[0, 0]","[0, 0]","[3.85, 181.0]","[2.5, 144.0]","[4.3, 182.0]","[0, 0]","[0, 0]","[0, 0]","[0, 0]","[0, 0]","[0, 0]","[0, 0]","[0, 0]","[0, 0]","[0, 0]","[0, 0]","[0, 0]","[0, 0]","[0, 0]","[0, 0]","[0, 0]","[0, 0]","[0, 0]","[0, 0]","[0, 0]","[0, 0]","[0, 0]","[0, 0]","[0, 0]","[0, 0]","[0, 0]","[0, 0]","[0, 0]","[0, 0]","[0, 0]","[0, 0]","[0, 0]","[0, 0]","[0, 0]","[0, 0]","[0, 0]","[0, 0]","[0, 0]","[0, 0]","[0, 0]","[0, 0]","[0.525, 342.0]","[0, 0]","[0, 0]","[0, 0]","[0, 0]","[0, 0]","[0, 0]","[0, 0]","[0, 0]","[0, 0]","[0, 0]","[0, 0]","[0, 0]","[0, 0]","[0, 0]","[0, 0]","[0, 0]","[0, 0]","[0, 0]","[0, 0]","[1.512, 176.78571428571428]","[0, 0]","[0, 0]","[1.512, 176.78571428571428]"
VERMONT,"[0, 0]","[0, 0]","[0, 0]","[0, 0]","[0, 0]","[0, 0]","[0, 0]","[0, 0]","[0, 0]","[0, 0]","[0, 0]","[0, 0]","[0, 0]","[0, 0]","[0, 0]","[0, 0]","[0, 0]","[0, 0]","[0, 0]","[0, 0]","[0, 0]","[0, 0]","[0, 0]","[0, 0]","[0, 0]","[0, 0]","[0, 0]","[0, 0]","[0, 0]","[0, 0]","[0, 0]","[0, 0]","[0, 0]","[0, 0]","[0, 0]","[0, 0]","[0, 0]","[0, 0]","[1.86, 167.0]","[1.8, 161.0]","[2.3, 197.0]","[0, 0]","[0, 0]","[0, 0]","[0, 0]","[0, 0]","[0, 0]","[0, 0]","[0, 0]","[0, 0]","[0, 0]","[0, 0]","[0, 0]","[0, 0]","[0, 0]","[0, 0]","[0, 0]","[0, 0]","[0, 0]","[0, 0]","[0, 0]","[0, 0]","[0, 0]","[0, 0]","[0, 0]","[0, 0]","[0, 0]","[0, 0]","[0, 0]","[0, 0]","[0, 0]","[0, 0]","[0, 0]","[0, 0]","[0, 0]","[0, 0]","[0, 0]","[0, 0]","[0, 0]","[0, 0]","[0, 0]","[0, 0]","[0, 0]","[0, 0]","[0, 0]","[0, 0]","[0, 0]","[0, 0]","[0, 0]","[0, 0]","[0, 0]","[0, 0]","[0, 0]","[0, 0]","[0, 0]","[0, 0]","[0, 0]","[0, 0]","[0, 0]","[0, 0]","[0, 0]","[0, 0]","[0, 0]","[0, 0]","[0, 0]","[0, 0]"
VIRGINIA,"[0, 0]","[10.0, 372.0]","[0, 0]","[0, 0]","[0, 0]","[0, 0]","[1.82, 107.14285714285714]","[0, 0]","[0, 0]","[0, 0]","[0, 0]","[0, 0]","[0, 0]","[0, 0]","[0, 0]","[0, 0]","[0, 0]","[0, 0]","[0, 0]","[0, 0]","[0, 0]","[0, 0]","[4.032, 146.42857142857142]","[0, 0]","[0.5720000000000001, 1212.0]","[0, 0]","[0, 0]","[0, 0]","[0, 0]","[0, 0]","[0, 0]","[0, 0]","[0, 0]","[0, 0]","[0, 0]","[0, 0]","[0, 0]","[0, 0]","[2.23, 126.0]","[2.2, 122.0]","[3.0, 207.0]","[0, 0]","[0, 0]","[0, 0]","[0, 0]","[0, 0]","[0, 0]","[0, 0]","[0, 0]","[0, 0]","[0, 0]","[0, 0]","[0, 0]","[0, 0]","[0, 0]","[0, 0]","[0, 0]","[0, 0]","[0, 0]","[0, 0]","[0, 0]","[0, 0]","[0, 0]","[0, 0]","[0, 0]","[0, 0]","[0, 0]","[2.325, 438.0]","[0, 0]","[0, 0]","[0, 0]","[0, 0]","[0, 0]","[0, 0]","[0, 0]","[0, 0]","[0, 0]","[0, 0]","[8.25, 364.0]","[0, 0]","[0, 0]","[0, 0]","[0, 0]","[0, 0]","[0.952, 314.2857142857143]","[0, 0]","[0, 0]","[0, 0]","[0, 0]","[0, 0]","[0, 0]","[0, 0]","[0, 0]","[0, 0]","[0, 0]","[0, 0]","[0.949, 3850.0]","[0.95, 3780.0]","[0, 0]","[0.9, 4500.0]","[0.95, 3840.0]","[0, 0]","[1.736, 180.3571428571429]","[0, 0]","[0, 0]","[1.736, 180.3571428571429]"
WASHINGTON,"[0, 0]","[22.1, 444.0]","[3.8, 1300.0]","[0, 0]","[2.5, 1920.0]","[0, 0]","[1.96, 181.42857142857144]","[0, 0]","[4.53, 2200.6666666666665]","[0, 0]","[0, 0]","[0, 0]","[0.975, 312.0]","[38.0, 594.6666666666666]","[0, 0]","[0, 0]","[5.5, 1406.6666666666667]","[6.1000000000000005, 422.0]","[0.85, 350.0]","[0.8300000000000001, 357.99999999999994]","[0.925, 323.99999999999994]","[0, 0]","[6.636, 147.5]","[0, 0]","[0, 0]","[0, 0]","[0, 0]","[0, 0]","[0, 0]","[0, 0]","[0, 0]","[0, 0]","[0, 0]","[5.31, 785.0]","[10.1, 225.0]","[0, 0]","[0, 0]","[3.66, 1320.0]","[3.83, 193.0]","[3.0, 182.0]","[4.6, 197.0]","[0, 0]","[1.003, 11600.0]","[0, 0]","[0, 0]","[0.54, 360.0]","[0, 0]","[0, 0]","[0, 0]","[0, 0]","[0, 0]","[0, 0]","[0, 0]","[0, 0]","[0.065, 38600.0]","[0.0755, 34800.0]","[0, 0]","[0, 0]","[0, 0]","[36.0, 266.0]","[0, 0]","[0, 0]","[0, 0]","[0, 0]","[6.52, 1190.0]","[0, 0]","[0, 0]","[0, 0]","[16.2, 419.3333333333333]","[1.0, 246.0]","[2.9450000000000003, 316.0]","[0, 0]","[0, 0]","[0, 0]","[0, 0]","[0, 0]","[32.0, 170.0]","[0, 0]","[8.5, 777.9999999999999]","[3.855, 1118.0]","[0, 0]","[0, 0]","[0, 0]","[0, 0]","[0, 0]","[0, 0]","[0, 0]","[0, 0]","[45.4, 50.9]","[0, 0]","[0, 0]","[0, 0]","[0, 0]","[10.5, 292.6666666666667]","[0, 0]","[0, 0]","[0, 0]","[0, 0]","[0, 0]","[0, 0]","[0, 0]","[0, 0]","[1.8116, 197.5]","[1.316, 207.14285714285717]","[0, 0]","[1.96, 195.7142857142857]"
WEST VIRGINIA,"[0, 0]","[0, 0]","[0, 0]","[0, 0]","[0, 0]","[0, 0]","[0, 0]","[0, 0]","[0, 0]","[0, 0]","[0, 0]","[0, 0]","[0, 0]","[0, 0]","[0, 0]","[0, 0]","[0, 0]","[0, 0]","[0, 0]","[0, 0]","[0, 0]","[0, 0]","[4.62, 146.42857142857142]","[0, 0]","[0, 0]","[0, 0]","[0, 0]","[0, 0]","[0, 0]","[0, 0]","[0, 0]","[0, 0]","[0, 0]","[0, 0]","[0, 0]","[0, 0]","[0, 0]","[0, 0]","[1.74, 114.0]","[1.7, 110.0]","[2.9, 192.0]","[0, 0]","[0, 0]","[0, 0]","[0, 0]","[0, 0]","[0, 0]","[0, 0]","[0, 0]","[0, 0]","[0, 0]","[0, 0]","[0, 0]","[0, 0]","[0, 0]","[0, 0]","[0, 0]","[0, 0]","[0, 0]","[0, 0]","[0, 0]","[0, 0]","[0, 0]","[0, 0]","[0, 0]","[0, 0]","[0, 0]","[0, 0]","[0, 0]","[0, 0]","[0, 0]","[0, 0]","[0, 0]","[0, 0]","[0, 0]","[0, 0]","[0, 0]","[0, 0]","[0, 0]","[0, 0]","[0, 0]","[0, 0]","[0, 0]","[0, 0]","[0, 0]","[0, 0]","[0, 0]","[0, 0]","[0, 0]","[0, 0]","[0, 0]","[0, 0]","[0, 0]","[0, 0]","[0, 0]","[0, 0]","[0, 0]","[0, 0]","[0, 0]","[0, 0]","[0, 0]","[0, 0]","[0, 0]","[0, 0]","[0, 0]","[0, 0]"
WISCONSIN,"[0, 0]","[0, 0]","[0, 0]","[0, 0]","[0, 0]","[0, 0]","[1.288, 187.5]","[4.9, 334.2666666666666]","[0, 0]","[0, 0]","[0, 0]","[13.25, 236.0]","[0, 0]","[24.25, 87.2]","[0, 0]","[0, 0]","[0, 0]","[2.845, 218.0]","[0, 0]","[0, 0]","[0, 0]","[0, 0]","[4.648, 122.5]","[0, 0]","[0, 0]","[11.22, 1022.0]","[0, 0]","[0, 0]","[0, 0]","[0, 0]","[0, 0]","[0, 0]","[0, 0]","[0, 0]","[0, 0]","[0, 0]","[0, 0]","[0, 0]","[2.15, 185.0]","[1.6, 145.0]","[2.4, 197.0]","[0, 0]","[0, 0]","[0, 0]","[0, 0]","[0, 0]","[0, 0]","[0, 0]","[0, 0]","[0, 0]","[0, 0]","[0, 0]","[0, 0]","[0, 0]","[0, 0]","[0, 0]","[0, 0]","[1.512, 111.78571428571428]","[0, 0]","[0, 0]","[0, 0]","[0, 0]","[0, 0]","[0, 0]","[0, 0]","[0, 0]","[0, 0]","[0, 0]","[0, 0]","[0, 0]","[2.105, 2010.0]","[0, 0]","[0, 0]","[0, 0]","[0, 0]","[0, 0]","[20.5, 239.33333333333331]","[0, 0]","[0, 0]","[0, 0]","[0, 0]","[0.952, 250.0]","[0, 0]","[0, 0]","[1.316, 300.7142857142857]","[0, 0]","[0, 0]","[0, 0]","[0, 0]","[0, 0]","[0, 0]","[0, 0]","[0, 0]","[8.75, 190.9333333333333]","[0, 0]","[0, 0]","[0, 0]","[0, 0]","[0, 0]","[0, 0]","[0, 0]","[0, 0]","[1.792, 162.14285714285714]","[0, 0]","[0, 0]","[1.792, 162.14285714285714]"
WYOMING,"[0, 0]","[0, 0]","[0, 0]","[0, 0]","[0, 0]","[0, 0]","[2.996, 175.0]","[0, 0]","[0, 0]","[0, 0]","[0, 0]","[0, 0]","[0, 0]","[0, 0]","[0, 0]","[0, 0]","[0, 0]","[0, 0]","[0, 0]","[0, 0]","[0, 0]","[0, 0]","[3.444, 123.21428571428572]","[0, 0]","[0, 0]","[0, 0]","[0, 0]","[0, 0]","[0, 0]","[0, 0]","[0, 0]","[0, 0]","[0, 0]","[0, 0]","[0, 0]","[0, 0]","[0, 0]","[0, 0]","[2.18, 176.0]","[1.55, 150.0]","[2.7, 181.0]","[0, 0]","[0, 0]","[0, 0]","[0, 0]","[0, 0]","[0, 0]","[0, 0]","[0, 0]","[0, 0]","[0, 0]","[0, 0]","[0, 0]","[0, 0]","[0, 0]","[0, 0]","[0, 0]","[0, 0]","[0, 0]","[0, 0]","[0, 0]","[0, 0]","[0, 0]","[0, 0]","[0, 0]","[0, 0]","[0, 0]","[0, 0]","[0, 0]","[0, 0]","[0, 0]","[0, 0]","[0, 0]","[0, 0]","[0, 0]","[0, 0]","[0, 0]","[0, 0]","[0, 0]","[0, 0]","[0, 0]","[0, 0]","[0, 0]","[0, 0]","[0, 0]","[0, 0]","[0, 0]","[0, 0]","[28.3, 25.8]","[0, 0]","[0, 0]","[0, 0]","[0, 0]","[0, 0]","[0, 0]","[0, 0]","[0, 0]","[0, 0]","[0, 0]","[0, 0]","[0, 0]","[0, 0]","[1.204, 140.71428571428572]","[0, 0]","[0, 0]","[1.204, 140.71428571428572]"
